Date,Price,Open,High,Low,Vol.,Change %
6/5/18,14831.70,15083.00,15133.30,14706.00,23.47M,-0.02
6/6/18,15284.10,14881.90,15334.40,14706.00,23.24M,0.03
6/7/18,15560.70,15334.40,15686.40,15284.10,20.88M,0.02
6/8/18,15409.80,15585.80,15585.80,15384.70,13.80M,-0.01
6/11/18,15233.90,15334.40,15510.40,15208.70,30.82M,-0.01
6/12/18,14957.30,15590.80,15590.80,14675.80,29.00M,-0.02
6/13/18,15274.10,14922.10,15344.50,14886.90,10.04M,0.02
6/14/18,14992.50,15414.90,15643.60,14974.90,18.00M,-0.02
6/15/18,15133.30,14957.30,15133.30,14711.00,13.20M,0.01
6/18/18,14147.90,15027.70,15027.70,14147.90,20.23M,-0.07
6/19/18,13496.80,13655.20,13901.50,13197.60,36.04M,-0.05
6/20/18,14077.50,13725.60,14077.50,13303.20,15.79M,0.04
6/21/18,13813.50,14059.90,14059.90,13725.60,10.62M,-0.02
6/22/18,14411.80,13725.60,14411.80,13655.20,19.65M,0.04
6/25/18,14605.40,14781.40,14834.20,14447.00,9.48M,0.01
6/26/18,14464.60,14288.70,14482.20,14077.50,7.32M,-0.01
6/27/18,13901.50,14394.20,14482.20,13901.50,9.24M,-0.04
6/28/18,13672.80,13655.20,14007.10,13584.80,11.66M,-0.02
6/29/18,13514.40,13655.20,13795.90,13356.00,14.16M,-0.01
7/2/18,13514.40,13373.60,13549.60,13021.70,17.04M,0.00
7/3/18,12775.30,13514.40,13655.20,12775.30,15.94M,-0.05
7/4/18,13056.90,12951.30,13180.10,12740.10,10.32M,0.02
7/5/18,12704.90,13056.90,13197.60,12599.40,11.63M,-0.03
7/6/18,12951.30,12687.30,13303.20,12388.20,14.45M,0.02
7/9/18,12564.20,13197.60,13197.60,12458.60,10.53M,-0.03
7/10/18,12493.80,12493.80,12704.90,12493.80,8.28M,-0.01
7/11/18,12106.60,12282.60,12458.60,11895.50,19.24M,-0.03
7/12/18,11877.90,11719.50,12018.70,11684.30,9.11M,-0.02
7/13/18,12529.00,12036.30,12546.60,11983.50,12.95M,0.05
7/16/18,12493.80,12704.90,12757.70,12441.00,9.11M,0.00
7/17/18,12704.90,12317.80,12722.50,12317.80,9.25M,0.02
7/18/18,13092.10,12775.30,13144.90,12704.90,17.33M,0.03
7/19/18,13092.10,13180.10,13285.60,13056.90,9.62M,0.00
7/20/18,12916.10,12951.30,13021.70,12757.70,13.62M,-0.01
7/23/18,13004.10,13056.90,13232.80,12880.90,15.32M,0.01
7/24/18,12458.60,12986.50,13004.10,12353.00,33.53M,-0.04
7/25/18,12493.80,12458.60,12599.40,12388.20,15.67M,0.00
7/26/18,12845.70,12493.80,12845.70,12458.60,22.50M,0.03
7/27/18,13127.30,12933.70,13144.90,12792.90,13.17M,0.02
7/30/18,13039.30,13232.80,13303.20,12986.50,16.54M,-0.01
7/31/18,13144.90,12986.50,13250.40,12863.30,15.80M,0.01
8/1/18,13232.80,13162.50,13426.40,13127.30,18.78M,0.01
8/2/18,13109.70,13197.60,13197.60,12845.70,16.63M,-0.01
8/3/18,12775.30,13197.60,13215.20,12775.30,16.29M,-0.03
8/6/18,12722.50,12792.90,12792.90,12529.00,12.72M,0.00
8/7/18,12722.50,12722.50,12722.50,12599.40,13.32M,0.00
8/8/18,12916.10,12740.10,12968.90,12704.90,9.40M,0.02
8/9/18,12863.30,12986.50,13092.10,12845.70,12.56M,0.00
8/10/18,13021.70,12828.10,13056.90,12828.10,11.52M,0.01
8/13/18,13479.20,12986.50,13496.80,12916.10,31.21M,0.04
8/14/18,13549.60,13549.60,13690.40,13461.60,14.55M,0.01
8/15/18,13197.60,13549.60,13637.60,13127.30,12.83M,-0.03
8/16/18,13197.60,13021.70,13268.00,13004.10,19.15M,0.00
8/17/18,13268.00,13338.40,13444.00,13180.10,10.25M,0.01
8/20/18,13109.70,13268.00,13268.00,13074.50,9.70M,-0.01
8/21/18,13197.60,13056.90,13197.60,13039.30,9.37M,0.01
8/22/18,13373.60,13232.80,13514.40,13180.10,16.58M,0.01
8/23/18,13408.80,13338.40,13496.80,13338.40,10.54M,0.00
8/24/18,13496.80,13373.60,13514.40,13303.20,15.54M,0.01
8/27/18,13708.00,13584.80,13831.10,13549.60,14.97M,0.02
8/28/18,14042.30,13725.60,14147.90,13725.60,30.15M,0.02
8/29/18,13936.70,14077.50,14306.30,13936.70,18.83M,-0.01
8/30/18,13954.30,13936.70,14007.10,13778.30,17.65M,0.00
8/31/18,14059.90,14007.10,14200.70,13936.70,16.79M,0.01
9/4/18,13725.60,13971.90,14042.30,13725.60,12.25M,-0.02
9/5/18,13584.80,13655.20,13813.50,13549.60,12.68M,-0.01
9/6/18,13602.40,13584.80,13795.90,13549.60,12.28M,0.00
9/7/18,13971.90,13584.80,14007.10,13584.80,14.80M,0.03
9/10/18,13795.90,13954.30,14007.10,13795.90,7.05M,-0.01
9/11/18,14077.50,13743.20,14147.90,13743.20,18.94M,0.02
9/12/18,13901.50,14112.70,14165.50,13901.50,15.35M,-0.01
9/13/18,13989.50,13971.90,14165.50,13901.50,13.01M,0.01
9/14/18,13901.50,14007.10,14095.10,13901.50,12.74M,-0.01
9/17/18,13883.90,13831.10,13954.30,13778.30,6.50M,0.00
9/18/18,13883.90,13795.90,13883.90,13655.20,19.94M,0.00
9/19/18,13954.30,14007.10,14042.30,13936.70,12.29M,0.01
9/20/18,14394.20,14042.30,14394.20,13971.90,27.31M,0.03
9/21/18,14535.00,14429.40,14570.20,14306.30,39.08M,0.01
9/24/18,14535.00,14675.80,14675.80,14464.60,12.13M,0.00
9/25/18,14517.40,14429.40,14570.20,14376.60,12.25M,0.00
9/26/18,14429.40,14517.40,14587.80,14429.40,13.73M,-0.01
9/27/18,14623.00,14499.80,14640.60,14464.60,15.31M,0.01
9/28/18,14886.90,14640.60,14904.50,14605.40,26.33M,0.02
10/1/18,14922.10,14886.90,15115.70,14799.00,18.66M,0.00
10/2/18,14535.00,14693.40,14799.00,14482.20,29.03M,-0.03
10/3/18,14535.00,14429.40,14640.60,14429.40,13.67M,0.00
10/4/18,14570.20,14499.80,14570.20,14394.20,32.60M,0.00
10/5/18,14587.80,14570.20,14746.20,14499.80,16.56M,0.00
10/8/18,14499.80,14499.80,14587.80,14447.00,10.24M,-0.01
10/9/18,14429.40,14605.40,14605.40,14429.40,10.15M,0.00
10/10/18,14570.20,14464.60,14693.40,14411.80,18.46M,0.01
10/11/18,14042.30,14112.70,14288.70,13831.10,43.78M,-0.04
10/12/18,14359.00,13866.30,14359.00,13866.30,18.06M,0.02
10/15/18,14200.70,14323.80,14323.80,14147.90,11.55M,-0.01
10/16/18,14341.40,14200.70,14341.40,14200.70,7.96M,0.01
10/17/18,14429.40,14499.80,14517.40,14376.60,14.03M,0.01
10/18/18,14429.40,14429.40,14482.20,14323.80,11.18M,0.00
10/19/18,14341.40,14323.80,14447.00,14218.30,13.67M,-0.01
10/22/18,14112.70,14359.00,14411.80,14112.70,7.02M,-0.02
10/23/18,13901.50,14059.90,14059.90,13690.40,27.41M,-0.02
10/24/18,13795.90,13795.90,14042.30,13795.90,14.27M,-0.01
10/25/18,13725.60,13373.60,13778.30,13320.80,19.83M,-0.01
10/26/18,13690.40,13831.10,13936.70,13690.40,14.09M,0.00
10/29/18,13672.80,13602.40,13690.40,13584.80,12.21M,0.00
10/30/18,13620.00,13584.80,13848.70,13584.80,7.35M,0.00
10/31/18,14165.50,13760.70,14165.50,13743.20,11.61M,0.04
11/1/18,13936.70,14042.30,14059.90,13866.30,6.14M,-0.02
11/2/18,14077.50,14077.50,14130.30,14007.10,9.84M,0.01
11/5/18,14077.50,13936.70,14077.50,13901.50,6.12M,0.00
11/6/18,13936.70,14112.70,14130.30,13936.70,4.65M,-0.01
11/7/18,13778.30,13936.70,14007.10,13778.30,7.70M,-0.01
11/8/18,13690.40,14024.70,14024.70,13690.40,7.67M,-0.01
11/9/18,13232.80,13584.80,13672.80,13232.80,15.63M,-0.03
11/12/18,13215.20,13232.80,13285.60,13074.50,7.68M,0.00
11/13/18,12986.50,13021.70,13127.30,12951.30,14.79M,-0.02
11/14/18,12599.40,12968.90,12968.90,12405.80,22.65M,-0.03
11/15/18,12317.80,12493.80,12652.10,12229.80,18.70M,-0.02
11/16/18,12388.20,12493.80,12564.20,12335.40,6.36M,0.01
11/19/18,12476.20,12493.80,12599.40,12370.60,4.56M,0.01
11/20/18,12845.70,12529.00,12898.50,12458.60,15.63M,0.03
11/21/18,12845.70,12687.30,12951.30,12669.70,10.42M,0.00
11/22/18,12599.40,12880.90,12933.70,12599.40,7.51M,-0.02
11/23/18,12511.40,12599.40,12669.70,12493.80,5.63M,-0.01
11/26/18,12529.00,12529.00,12740.10,12511.40,6.78M,0.00
11/27/18,12529.00,12599.40,12740.10,12529.00,5.19M,0.00
11/28/18,12388.20,12564.20,12617.00,12300.20,11.20M,-0.01
11/29/18,12036.30,12458.60,12546.60,12036.30,11.11M,-0.03
11/30/18,11684.30,11965.90,11965.90,11684.30,20.45M,-0.03
12/3/18,12247.40,11965.90,12317.80,11965.90,10.32M,0.05
12/4/18,12177.00,12317.80,12388.20,12053.90,11.80M,-0.01
12/5/18,12423.40,12089.00,12493.80,12053.90,22.15M,0.02
12/6/18,12177.00,12353.00,12458.60,12141.80,12.68M,-0.02
12/7/18,12194.60,12282.60,12317.80,12159.40,9.21M,0.00
12/10/18,11877.90,12141.80,12177.00,11842.70,14.78M,-0.03
12/11/18,11772.30,11825.10,11948.30,11543.50,19.11M,-0.01
12/12/18,11825.10,11789.90,11877.90,11613.90,9.81M,0.00
12/13/18,11965.90,11913.10,12001.10,11860.30,15.00M,0.01
12/14/18,11789.90,11948.30,11948.30,11754.70,10.58M,-0.01
12/17/18,11402.80,11789.90,11789.90,11402.80,12.27M,-0.03
12/18/18,10945.30,11156.40,11279.60,10786.90,22.34M,-0.04
12/19/18,10452.50,10945.30,11050.80,10206.20,30.03M,-0.05
12/20/18,10540.50,10417.30,10610.90,10311.80,16.70M,0.01
12/21/18,10540.50,10311.80,10558.10,10311.80,12.21M,0.00
12/24/18,10734.10,10540.50,10734.10,10540.50,8.93M,0.02
12/25/18,10698.90,10434.90,10698.90,10188.60,13.14M,0.00
12/26/18,10663.70,10698.90,10698.90,10470.10,10.48M,0.00
12/27/18,10892.50,10857.30,10945.30,10663.70,13.34M,0.02
12/28/18,10892.50,10839.70,10892.50,10734.10,20.46M,0.00
1/2/19,10839.70,10874.90,11068.40,10839.70,11.49M,0.00
1/3/19,10382.20,10822.10,10874.90,10382.20,18.83M,-0.04
1/4/19,10452.50,10347.00,10558.10,10100.60,15.99M,0.01
1/7/19,10329.40,10663.70,10681.30,10259.00,6.81M,-0.01
1/8/19,10153.40,10347.00,10382.20,10100.60,8.63M,-0.02
1/9/19,10382.20,10206.20,10487.70,10206.20,5.14M,0.02
1/10/19,10487.70,10417.30,10593.30,10382.20,4.88M,0.01
1/11/19,10329.40,10487.70,10522.90,10329.40,7.28M,-0.02
1/14/19,10311.80,10347.00,10364.60,10153.40,8.83M,0.00
1/15/19,10311.80,10311.80,10417.30,10259.00,7.23M,0.00
1/16/19,10364.60,10347.00,10434.90,10259.00,8.16M,0.01
1/17/19,10171.00,10364.60,10364.60,10171.00,5.36M,-0.02
1/18/19,10276.60,10311.80,10364.60,10259.00,5.81M,0.01
1/21/19,10399.70,10311.80,10470.10,10276.60,5.25M,0.01
1/22/19,10382.20,10452.50,10505.30,10364.60,4.56M,0.00
1/23/19,10575.70,10347.00,10698.90,10329.40,10.37M,0.02
1/24/19,10505.30,10593.30,10698.90,10505.30,6.54M,-0.01
1/25/19,10452.50,10558.10,10593.30,10399.70,4.41M,-0.01
1/28/19,10470.10,10487.70,10487.70,10417.30,4.69M,0.00
1/29/19,10452.50,10505.30,10505.30,10382.20,4.97M,0.00
1/30/19,10206.20,10417.30,10417.30,10153.40,18.52M,-0.02
1/31/19,9748.70,10206.20,10259.00,9713.50,19.63M,-0.04
2/1/19,9607.90,9801.50,9924.60,9502.30,19.44M,-0.01
2/11/19,10171.00,9766.30,10171.00,9713.50,7.77M,0.06
2/12/19,10382.20,10171.00,10505.30,10118.20,21.77M,0.02
2/13/19,10874.90,10382.20,10945.30,10382.20,30.33M,0.05
2/14/19,10910.10,10874.90,11015.60,10839.70,17.67M,0.00
2/15/19,11121.20,10910.10,11438.00,10839.70,25.53M,0.02
2/18/19,11314.80,11297.20,11455.60,11244.40,17.45M,0.02
2/19/19,11156.40,11420.40,11438.00,11138.80,16.17M,-0.01
2/20/19,11332.40,11156.40,11367.60,11138.80,16.09M,0.02
2/21/19,11508.40,11367.60,11508.40,11226.80,16.45M,0.02
2/22/19,11930.70,11490.80,11948.30,11455.60,22.64M,0.04
2/25/19,12247.40,12124.20,12511.40,12036.30,32.26M,0.03
2/26/19,12141.80,12247.40,12458.60,12053.90,20.21M,-0.01
2/27/19,12106.60,12300.20,12300.20,12018.70,13.69M,0.00
2/28/19,11825.10,12159.40,12177.00,11825.10,19.04M,-0.02
3/1/19,12053.90,11825.10,12053.90,11825.10,12.62M,0.02
3/4/19,12441.00,12229.80,12441.00,12212.20,13.74M,0.03
3/5/19,12335.40,12353.00,12529.00,12300.20,15.62M,-0.01
3/6/19,12317.80,12317.80,12388.20,12106.60,9.24M,0.00
3/7/19,12001.10,12317.80,12335.40,12001.10,12.47M,-0.03
3/8/19,11948.30,11789.90,12071.50,11754.70,12.74M,0.00
3/11/19,11895.50,12036.30,12036.30,11825.10,13.30M,0.00
3/12/19,11913.10,12001.10,12018.70,11860.30,14.41M,0.00
3/13/19,12089.00,11965.90,12089.00,11930.70,8.76M,0.01
3/14/19,12036.30,12089.00,12194.60,11930.70,12.27M,0.00
3/15/19,11226.80,11613.90,11649.10,11209.20,46.62M,-0.07
3/18/19,11209.20,11086.00,11402.80,10751.70,28.96M,0.00
3/19/19,11226.80,11191.60,11244.40,10945.30,20.22M,0.00
3/20/19,11367.60,11086.00,11473.20,11086.00,15.40M,0.01
3/21/19,11262.00,11367.60,11420.40,11244.40,7.50M,-0.01
3/22/19,11244.40,11297.20,11332.40,11209.20,11.48M,0.00
3/25/19,11050.80,10945.30,11138.80,10945.30,10.23M,-0.02
3/26/19,11121.20,11121.20,11174.00,11015.60,9.63M,0.01
3/27/19,11385.20,11226.80,11385.20,11138.80,6.95M,0.02
3/28/19,11420.40,11314.80,11420.40,11297.20,6.88M,0.00
3/29/19,11332.40,11455.60,11508.40,11226.80,17.89M,-0.01
4/1/19,11244.40,11279.60,11332.40,11226.80,10.05M,-0.01
4/2/19,11297.20,11332.40,11350.00,11244.40,4.92M,0.00
4/3/19,11297.20,11262.00,11314.80,11226.80,10.34M,0.00
4/4/19,11402.80,11314.80,11402.80,11262.00,7.57M,0.01
4/5/19,11438.00,11402.80,11490.80,11350.00,5.03M,0.00
4/8/19,11402.80,11438.00,11490.80,11367.60,3.78M,0.00
4/9/19,11297.20,11420.40,11438.00,11262.00,7.90M,-0.01
4/10/19,11244.40,11262.00,11279.60,11138.80,6.04M,0.00
4/11/19,11244.40,11262.00,11279.60,11209.20,4.15M,0.00
4/12/19,11279.60,11244.40,11279.60,11209.20,4.32M,0.00
4/16/19,11174.00,11226.80,11262.00,11103.60,4.23M,-0.01
4/17/19,11121.20,11174.00,11209.20,11086.00,5.09M,0.00
4/18/19,11015.60,11050.80,11103.60,11015.60,6.54M,-0.01
4/19/19,11121.20,11033.20,11156.40,11033.20,3.32M,0.01
4/22/19,11209.20,11033.20,11297.20,11033.20,4.99M,0.01
4/23/19,11226.80,11262.00,11262.00,11209.20,4.62M,0.00
4/24/19,11737.10,11262.00,11737.10,11226.80,15.88M,0.05
4/25/19,11649.10,11789.90,11842.70,11613.90,11.21M,-0.01
4/26/19,11825.10,11684.30,11895.50,11649.10,7.72M,0.02
5/2/19,11965.90,11860.30,11965.90,11719.50,10.42M,0.01
5/3/19,12018.70,11965.90,12106.60,11860.30,9.57M,0.00
5/6/19,11772.30,11754.70,11895.50,11684.30,12.32M,-0.02
5/7/19,11789.90,11895.50,11895.50,11754.70,7.72M,0.00
5/8/19,11666.70,11701.90,11719.50,11613.90,7.70M,-0.01
5/9/19,11578.70,11631.50,11701.90,11473.20,5.78M,-0.01
5/10/19,11561.10,11649.10,11684.30,11473.20,5.23M,0.00
5/13/19,11279.60,11596.30,11596.30,11262.00,10.43M,-0.02
5/14/19,11402.80,11156.40,11402.80,11156.40,4.98M,0.01
5/15/19,11402.80,11402.80,11508.40,11367.60,6.95M,0.00
5/16/19,11367.60,11420.40,11508.40,11367.60,3.77M,0.00
5/17/19,11350.00,11367.60,11402.80,11332.40,4.08M,0.00
5/20/19,11543.50,11350.00,11631.50,11350.00,6.07M,0.02
5/21/19,11578.70,11596.30,11684.30,11543.50,5.88M,0.00
5/22/19,11613.90,11613.90,11754.70,11578.70,6.88M,0.00
5/23/19,11525.90,11613.90,11631.50,11490.80,6.94M,-0.01
5/24/19,11314.80,11438.00,11490.80,11314.80,10.04M,-0.02
5/27/19,11332.40,11297.20,11385.20,11297.20,4.65M,0.00
5/28/19,11279.60,11438.00,11438.00,11279.60,7.77M,0.00
5/29/19,11438.00,11367.60,11438.00,11279.60,4.55M,0.01
5/30/19,11262.00,11438.00,11438.00,11244.40,11.48M,-0.02
5/31/19,11297.20,11262.00,11332.40,11262.00,9.29M,0.00
6/3/19,11086.00,11279.60,11297.20,11050.80,33.61M,-0.02
6/4/19,11117.70,11255.00,11346.50,11003.30,7.03M,0.00
6/5/19,10888.90,11163.40,11300.70,10843.20,6.29M,-0.02
6/6/19,10385.70,10934.70,10934.70,10225.50,14.92M,-0.05
6/7/19,10500.00,10522.90,10660.20,10454.30,10.74M,0.01
6/10/19,10477.20,10637.30,10705.90,10454.30,13.83M,0.00
6/11/19,10522.90,10522.90,10614.40,10385.70,9.29M,0.00
6/12/19,10568.70,10477.20,10637.30,10454.30,6.60M,0.00
6/13/19,10522.90,10705.90,10705.90,10477.20,5.31M,0.00
6/14/19,10500.00,10522.90,10545.80,10500.00,4.36M,0.00
6/17/19,10271.30,10500.00,10522.90,10271.30,7.67M,-0.02
6/18/19,10545.80,10271.30,10568.70,10271.30,10.65M,0.03
6/19/19,10911.80,10728.80,10911.80,10660.20,17.62M,0.03
6/20/19,10797.40,11026.20,11026.20,10797.40,9.20M,-0.01
6/21/19,10843.20,10934.70,10934.70,10797.40,9.33M,0.00
6/24/19,10683.10,10888.90,11003.30,10660.20,6.51M,-0.01
6/25/19,10568.70,10614.40,10705.90,10522.90,6.92M,-0.01
6/26/19,10477.20,10545.80,10637.30,10477.20,4.01M,-0.01
6/27/19,10317.00,10477.20,10500.00,10317.00,7.91M,-0.02
6/28/19,10751.70,10317.00,10751.70,10271.30,8.26M,0.04
7/1/19,10522.90,10614.40,10660.20,10431.40,8.08M,-0.02
7/2/19,10339.90,10522.90,10522.90,10317.00,10.06M,-0.02
7/3/19,10134.00,10339.90,10362.80,10111.20,13.30M,-0.02
7/4/19,10202.70,10065.40,10294.20,10065.40,10.65M,0.01
7/5/19,10202.70,10202.70,10271.30,10134.00,6.46M,0.00
7/8/19,9951.00,10156.90,10202.70,9928.10,15.65M,-0.02
7/9/19,9768.00,9973.90,10042.50,9768.00,13.30M,-0.02
7/10/19,9768.00,9790.90,9951.00,9745.10,7.89M,0.00
7/11/19,9859.50,9790.90,9905.30,9790.90,6.54M,0.01
7/12/19,10019.70,9928.10,10065.40,9905.30,7.09M,0.02
7/15/19,9813.80,10065.40,10065.40,9813.80,8.22M,-0.02
7/16/19,9882.40,9882.40,9905.30,9813.80,7.32M,0.01
7/17/19,9768.00,9905.30,9905.30,9745.10,11.50M,-0.01
7/18/19,9585.00,9768.00,9790.90,9539.30,17.86M,-0.02
7/19/19,9424.90,9607.90,9699.40,9333.40,23.55M,-0.02
7/22/19,9493.50,9424.90,9699.40,9287.60,14.50M,0.01
7/23/19,9928.10,9516.40,9951.00,9516.40,18.98M,0.05
7/24/19,9859.50,9928.10,9973.90,9790.90,7.79M,-0.01
7/25/19,10248.40,9836.60,10248.40,9836.60,19.95M,0.04
7/26/19,10317.00,10339.90,10545.80,10271.30,20.62M,0.01
7/29/19,10111.20,10317.00,10317.00,9951.00,14.65M,-0.02
7/30/19,9836.60,10111.20,10156.90,9836.60,12.87M,-0.03
7/31/19,10317.00,9790.90,10317.00,9745.10,13.77M,0.05
8/1/19,10339.90,10294.20,10408.50,10179.80,12.53M,0.00
8/2/19,10271.30,10156.90,10317.00,10111.20,15.04M,-0.01
8/5/19,10134.00,10225.50,10294.20,10065.40,12.98M,-0.01
8/6/19,9951.00,9859.50,10065.40,9859.50,11.90M,-0.02
8/7/19,10111.20,10019.70,10134.00,9973.90,7.34M,0.02
8/8/19,10660.20,10134.00,10660.20,10134.00,23.43M,0.05
8/9/19,10568.70,10705.90,10751.70,10522.90,7.76M,-0.01
8/12/19,10797.40,10568.70,10911.80,10568.70,17.12M,0.02
8/13/19,10728.80,10660.20,10934.70,10660.20,13.52M,-0.01
8/14/19,10728.80,10888.90,10888.90,10705.90,8.15M,0.00
8/15/19,10637.30,10522.90,10637.30,10431.40,14.49M,-0.01
8/16/19,10545.80,10637.30,10683.10,10477.20,18.65M,-0.01
8/19/19,10545.80,10522.90,10660.20,10500.00,5.35M,0.00
8/20/19,10477.20,10545.80,10660.20,10408.50,10.09M,-0.01
8/21/19,10614.40,10477.20,10637.30,10431.40,10.15M,0.01
8/22/19,10545.80,10660.20,10683.10,10522.90,6.98M,-0.01
8/23/19,10705.90,10637.30,10728.80,10568.70,11.34M,0.02
8/26/19,10431.40,10568.70,10591.60,10385.70,11.96M,-0.03
8/27/19,10248.40,10522.90,10545.80,10248.40,18.94M,-0.02
8/28/19,10179.80,10248.40,10294.20,10111.20,9.13M,-0.01
8/29/19,10134.00,10179.80,10179.80,10065.40,10.41M,0.00
8/30/19,10156.90,10134.00,10271.30,10088.30,7.01M,0.00
9/3/19,9905.30,10156.90,10202.70,9905.30,11.32M,-0.02
9/4/19,9882.40,9836.60,9973.90,9836.60,12.32M,0.00
9/5/19,9928.10,9905.30,10042.50,9882.40,5.22M,0.00
9/6/19,9790.90,9973.90,10019.70,9790.90,8.86M,-0.01
9/9/19,9699.40,9836.60,9859.50,9699.40,7.48M,-0.01
9/10/19,9745.10,9699.40,9768.00,9653.60,7.27M,0.00
9/11/19,10088.30,9745.10,10088.30,9722.30,9.90M,0.04
9/12/19,10317.00,10134.00,10339.90,10134.00,11.72M,0.02
9/13/19,10339.90,10294.20,10362.80,10248.40,9.82M,0.00
9/16/19,10362.80,10271.30,10362.80,10179.80,11.37M,0.00
9/17/19,10385.70,10362.80,10385.70,10248.40,7.58M,0.00
9/18/19,10522.90,10385.70,10545.80,10339.90,12.95M,0.01
9/19/19,10500.00,10522.90,10545.80,10385.70,7.18M,0.00
9/20/19,10362.80,10500.00,10500.00,10317.00,10.74M,-0.01
9/23/19,10065.40,10339.90,10339.90,10065.40,11.28M,-0.03
9/24/19,10134.00,10042.50,10134.00,9996.80,4.18M,0.01
9/25/19,10019.70,10111.20,10111.20,9951.00,8.34M,-0.01
9/26/19,10179.80,10065.40,10179.80,9928.10,7.02M,0.02
9/27/19,10134.00,10179.80,10271.30,10134.00,6.72M,0.00
9/30/19,10042.50,10156.90,10179.80,10042.50,7.21M,-0.01
10/1/19,10019.70,10042.50,10156.90,9996.80,8.56M,0.00
10/2/19,9951.00,10065.40,10088.30,9928.10,9.19M,-0.01
10/3/19,9859.50,9928.10,9928.10,9813.80,9.60M,-0.01
10/4/19,9768.00,9882.40,9928.10,9745.10,10.06M,-0.01
10/7/19,9745.10,9768.00,9836.60,9699.40,6.99M,0.00
10/8/19,10019.70,9790.90,10019.70,9722.30,8.38M,0.03
10/9/19,10019.70,10019.70,10019.70,9928.10,6.49M,0.00
10/10/19,9836.60,10019.70,10111.20,9836.60,8.29M,-0.02
10/11/19,9836.60,9882.40,9928.10,9790.90,8.74M,0.00
10/14/19,9813.80,9928.10,9928.10,9813.80,6.23M,0.00
10/15/19,9768.00,9836.60,9928.10,9768.00,7.61M,0.00
10/16/19,9745.10,9790.90,9836.60,9745.10,5.52M,0.00
10/17/19,9790.90,9745.10,9905.30,9745.10,10.17M,0.00
10/18/19,9790.90,9859.50,9859.50,9745.10,4.82M,0.00
10/21/19,9699.40,9790.90,9813.80,9699.40,6.68M,-0.01
10/22/19,9882.40,9699.40,9905.30,9699.40,8.63M,0.02
10/23/19,9996.80,9882.40,10111.20,9882.40,14.52M,0.01
10/24/19,10065.40,10019.70,10111.20,9996.80,10.83M,0.01
10/25/19,9973.90,10065.40,10065.40,9951.00,5.01M,-0.01
10/28/19,10156.90,9973.90,10202.70,9905.30,15.33M,0.02
10/29/19,10156.90,10156.90,10271.30,10111.20,11.25M,0.00
10/30/19,10065.40,10179.80,10179.80,10065.40,6.46M,-0.01
10/31/19,9973.90,10065.40,10088.30,9928.10,12.15M,-0.01
11/1/19,10019.70,10019.70,10111.20,9973.90,8.55M,0.00
11/4/19,9951.00,10111.20,10156.90,9928.10,12.72M,-0.01
11/5/19,10019.70,9973.90,10134.00,9951.00,11.62M,0.01
11/6/19,10065.40,10065.40,10134.00,10042.50,9.53M,0.00
11/7/19,10385.70,10134.00,10408.50,10111.20,27.89M,0.03
11/8/19,10385.70,10385.70,10431.40,10294.20,11.12M,0.00
11/11/19,10431.40,10339.90,10568.70,10339.90,16.85M,0.00
11/12/19,10522.90,10408.50,10568.70,10317.00,13.80M,0.01
11/13/19,10362.80,10568.70,10591.60,10362.80,13.72M,-0.02
11/14/19,10362.80,10362.80,10454.30,10294.20,11.64M,0.00
11/15/19,10362.80,10362.80,10431.40,10317.00,7.23M,0.00
11/18/19,10477.20,10385.70,10522.90,10385.70,8.08M,0.01
11/19/19,10431.40,10500.00,10500.00,10385.70,8.78M,0.00
11/20/19,10248.40,10431.40,10431.40,10179.80,14.66M,-0.02
11/21/19,10065.40,10202.70,10225.50,10065.40,15.80M,-0.02
11/22/19,10111.20,10156.90,10225.50,10065.40,12.14M,0.00
11/25/19,10179.80,10134.00,10225.50,10065.40,8.92M,0.01
11/26/19,10362.80,10225.50,10431.40,10225.50,11.56M,0.02
11/27/19,10339.90,10408.50,10431.40,10317.00,7.42M,0.00
11/28/19,10339.90,10339.90,10385.70,10271.30,7.91M,0.00
11/29/19,10454.30,10339.90,10500.00,10271.30,13.35M,0.01
12/2/19,10500.00,10454.30,10614.40,10454.30,19.16M,0.00
12/3/19,10728.80,10500.00,10843.20,10385.70,19.65M,0.02
12/4/19,10728.80,10705.90,10797.40,10683.10,10.35M,0.00
12/5/19,10568.70,10683.10,10728.80,10545.80,10.91M,-0.01
12/6/19,10911.80,10568.70,10934.70,10568.70,15.01M,0.03
12/9/19,11071.90,10911.80,11186.30,10911.80,16.64M,0.01
12/10/19,11163.40,11071.90,11232.10,11026.20,21.40M,0.01
12/11/19,11163.40,11117.70,11163.40,10934.70,11.38M,0.00
12/12/19,11071.90,11117.70,11163.40,11026.20,8.74M,-0.01
12/13/19,10888.90,11071.90,11209.20,10888.90,19.96M,-0.02
12/16/19,10866.10,10888.90,10934.70,10774.60,10.78M,0.00
12/17/19,10591.60,10866.10,10911.80,10477.20,20.78M,-0.03
12/18/19,10317.00,10591.60,10591.60,10294.20,15.98M,-0.03
12/19/19,10431.40,10317.00,10568.70,10317.00,12.12M,0.01
12/20/19,10522.90,10500.00,10637.30,10431.40,11.40M,0.01
12/23/19,10545.80,10591.60,10751.70,10500.00,8.44M,0.00
12/24/19,10614.40,10545.80,10660.20,10500.00,6.78M,0.01
12/25/19,10591.60,10614.40,10705.90,10591.60,5.01M,0.00
12/26/19,10522.90,10660.20,10660.20,10522.90,6.33M,-0.01
12/27/19,10774.60,10522.90,10774.60,10454.30,8.81M,0.02
12/30/19,10820.30,10820.30,10911.80,10751.70,6.19M,0.00
12/31/19,10751.70,10820.30,10843.20,10683.10,6.06M,-0.01
1/2/20,10980.40,10751.70,10980.40,10683.10,8.91M,0.02
1/3/20,11049.10,11071.90,11140.60,11003.30,16.49M,0.01
1/6/20,10980.40,10980.40,11094.80,10911.80,11.31M,-0.01
1/7/20,10843.20,11026.20,11071.90,10797.40,10.26M,-0.01
1/8/20,10728.80,10751.70,10820.30,10591.60,13.52M,-0.01
1/9/20,10980.40,10797.40,11049.10,10797.40,9.72M,0.02
1/10/20,11071.90,11026.20,11232.10,11003.30,21.07M,0.01
1/13/20,11094.80,11071.90,11163.40,11026.20,9.39M,0.00
1/14/20,11438.00,11094.80,11460.80,11071.90,20.14M,0.03
1/15/20,11506.60,11460.80,11598.10,11392.20,12.39M,0.01
1/16/20,11575.20,11438.00,11598.10,11415.10,14.44M,0.01
1/17/20,11438.00,11575.20,11735.30,11392.20,13.33M,-0.01
1/20/20,11666.70,11438.00,11666.70,11300.70,12.03M,0.02
1/21/20,11826.90,11781.10,11895.50,11689.60,12.45M,0.01
1/22/20,12032.70,11826.90,12078.50,11826.90,18.79M,0.02
1/30/20,11575.20,11689.60,11849.70,11415.10,27.44M,-0.04
1/31/20,11026.20,11438.00,11575.20,11026.20,23.16M,-0.05
2/3/20,11232.10,10660.20,11346.50,10385.70,25.44M,0.02
2/4/20,11255.00,11277.80,11346.50,11026.20,17.03M,0.00
2/5/20,11186.30,11369.30,11438.00,11071.90,14.61M,-0.01
2/6/20,11529.50,11140.60,11529.50,11117.70,19.40M,0.03
2/7/20,11140.60,11529.50,11575.20,11071.90,17.10M,-0.03
2/10/20,11140.60,10980.40,11277.80,10957.60,10.10M,0.00
2/11/20,10797.40,11186.30,11255.00,10728.80,26.43M,-0.03
2/12/20,10888.90,10751.70,11049.10,10728.80,20.18M,0.01
2/13/20,10843.20,10866.10,10934.70,10797.40,11.08M,0.00
2/14/20,10843.20,10797.40,10866.10,10683.10,10.64M,0.00
2/17/20,10866.10,10843.20,10911.80,10797.40,5.72M,0.00
2/18/20,10660.20,10911.80,10911.80,10660.20,15.70M,-0.02
2/19/20,10637.30,10660.20,10728.80,10568.70,11.54M,0.00
2/20/20,10866.10,10728.80,10866.10,10637.30,11.00M,0.02
2/21/20,10774.60,10866.10,10888.90,10751.70,9.51M,-0.01
2/24/20,10385.70,10408.50,10591.60,10385.70,27.25M,-0.04
2/25/20,10568.70,10339.90,10568.70,10339.90,11.17M,0.02
2/26/20,10408.50,10408.50,10522.90,10385.70,9.48M,-0.02
2/27/20,10500.00,10385.70,10545.80,10385.70,6.99M,0.01
2/28/20,10225.50,10317.00,10431.40,10179.80,13.87M,-0.03
3/2/20,10202.70,10156.90,10294.20,10156.90,8.33M,0.00
3/3/20,10202.70,10431.40,10431.40,10202.70,9.29M,0.00
3/4/20,10225.50,10248.40,10339.90,10225.50,6.20M,0.00
3/5/20,10225.50,10339.90,10362.80,10225.50,5.46M,0.00
3/6/20,10248.40,10225.50,10271.30,10179.80,6.39M,0.00
3/9/20,9539.30,9539.30,9859.50,9539.30,34.89M,-0.07
3/10/20,9905.30,9379.10,9951.00,9379.10,17.14M,0.04
3/11/20,9402.00,9928.10,9973.90,9219.00,17.96M,-0.05
3/12/20,8807.20,8944.50,9058.90,8761.50,27.46M,-0.06
3/13/20,8715.70,8258.20,9013.10,8212.50,27.03M,-0.01
3/16/20,8738.60,8784.40,9081.70,8670.00,19.55M,0.00
3/17/20,8784.40,8509.80,8830.10,8509.80,12.75M,0.01
3/18/20,9013.10,8875.90,9196.10,8853.00,21.90M,0.03
3/19/20,8761.50,8875.90,8921.60,8647.10,16.37M,-0.03
3/20/20,8509.80,8807.20,8830.10,8509.80,28.22M,-0.03
3/23/20,7915.10,7960.80,8235.30,7915.10,27.27M,-0.07
3/24/20,7823.60,7777.80,7937.90,7617.70,29.13M,-0.01
3/25/20,8143.80,8166.70,8166.70,7960.80,16.34M,0.04
3/26/20,7754.90,8029.40,8052.30,7732.10,17.93M,-0.05
3/27/20,7411.80,7732.10,7777.80,7228.80,28.31M,-0.04
3/30/20,7480.40,7000.00,7640.60,6977.20,22.89M,0.01
3/31/20,7709.20,7480.40,7937.90,6977.20,23.51M,0.03
4/1/20,7892.20,7640.60,8006.60,7617.70,10.23M,0.02
4/3/20,8075.20,7892.20,8098.10,7869.30,13.70M,0.02
4/6/20,8624.20,8304.00,8624.20,8189.60,21.50M,0.07
4/7/20,8692.80,8715.70,8738.60,8349.70,16.12M,0.01
4/8/20,8555.60,8418.30,8601.30,8372.60,10.75M,-0.02
4/9/20,8487.00,8601.30,8692.80,8487.00,15.03M,-0.01
4/10/20,8601.30,8464.10,8692.80,8372.60,11.71M,0.01
4/13/20,8853.00,8601.30,8921.60,8555.60,19.04M,0.03
4/14/20,9127.50,8830.10,9127.50,8784.40,18.42M,0.03
4/15/20,9196.10,9150.40,9287.60,9127.50,12.55M,0.01
4/16/20,9264.70,9127.50,9333.40,9036.00,14.04M,0.01
4/17/20,9470.60,9264.70,9516.40,9241.90,18.57M,0.02
4/20/20,9699.40,9607.90,9836.60,9402.00,19.84M,0.02
4/21/20,9241.90,9493.50,9722.30,9219.00,25.13M,-0.05
4/22/20,9516.40,9379.10,9745.10,9287.60,23.25M,0.03
4/23/20,9882.40,9745.10,10042.50,9745.10,17.58M,0.04
4/24/20,10111.20,9928.10,10156.90,9745.10,17.48M,0.02
4/27/20,10042.50,10179.80,10339.90,9996.80,13.98M,-0.01
4/28/20,9790.90,10065.40,10111.20,9722.30,16.19M,-0.03
4/29/20,9836.60,9790.90,9928.10,9607.90,15.68M,0.00
5/4/20,9607.90,9836.60,9859.50,9607.90,10.18M,-0.02
5/5/20,9790.90,9790.90,9905.30,9745.10,12.41M,0.02
5/6/20,10156.90,9859.50,10156.90,9836.60,16.05M,0.04
5/7/20,10797.40,10202.70,10797.40,10202.70,31.03M,0.06
5/8/20,10705.90,10888.90,11049.10,10705.90,26.29M,-0.01
5/11/20,10957.60,10843.20,11026.20,10660.20,15.21M,0.02
5/12/20,10820.30,10820.30,10934.70,10705.90,22.17M,-0.01
5/13/20,11026.20,10728.80,11071.90,10660.20,20.23M,0.02
5/14/20,10957.60,10888.90,11026.20,10843.20,13.73M,-0.01
5/15/20,10751.70,10957.60,11003.30,10705.90,16.70M,-0.02
5/18/20,11483.70,11186.30,11483.70,10980.40,28.41M,0.07
5/19/20,11964.10,12078.50,12284.40,11918.40,39.68M,0.04
5/20/20,12101.40,11895.50,12170.00,11735.30,24.40M,0.01
5/21/20,12124.20,12055.60,12147.10,11941.20,23.62M,0.00
5/22/20,12467.40,12055.60,12558.90,12009.90,34.23M,0.03
5/25/20,12490.30,12581.80,12719.00,12421.60,23.52M,0.00
5/26/20,12993.50,12513.10,12993.50,12490.30,24.23M,0.04
5/27/20,12444.50,13085.00,13085.00,12444.50,41.65M,-0.04
5/28/20,12444.50,12581.80,12627.50,12307.20,30.51M,0.00
5/29/20,12536.00,12490.30,12673.30,12353.00,26.49M,0.01
6/1/20,12650.40,12719.00,12719.00,12558.90,16.90M,0.01
6/2/20,12375.90,12719.00,12719.00,12330.10,24.20M,-0.02
6/3/20,12330.10,12375.90,12444.50,12170.00,25.31M,0.00
6/4/20,12170.00,12353.00,12536.00,12170.00,28.41M,-0.01
6/5/20,12375.90,12124.20,12490.30,11987.00,28.50M,0.02
6/8/20,12673.30,12581.80,12856.30,12490.30,36.11M,0.02
6/9/20,12398.70,12787.60,12810.50,12330.10,39.37M,-0.02
6/10/20,12353.00,12353.00,12536.00,12192.90,20.79M,0.00
6/11/20,11666.70,12284.40,12421.60,11666.70,48.17M,-0.06
6/12/20,12124.20,11209.20,12124.20,11209.20,39.76M,0.04
6/15/20,11621.00,12032.70,12124.20,11598.10,23.87M,-0.04
6/16/20,11987.00,11895.50,12078.50,11735.30,19.01M,0.03
6/17/20,12009.90,11987.00,12101.40,11849.70,14.88M,0.00
6/18/20,12261.50,11872.60,12284.40,11826.90,19.07M,0.02
6/19/20,12513.10,12353.00,12513.10,12353.00,22.18M,0.02
6/22/20,12490.30,12536.00,12719.00,12330.10,20.49M,0.00
6/23/20,12353.00,12490.30,12673.30,12238.60,23.97M,-0.01
6/24/20,12353.00,12353.00,12513.10,12261.50,13.72M,0.00
6/25/20,12490.30,12215.70,12719.00,12147.10,51.41M,0.01
6/26/20,12444.50,12536.00,12627.50,12353.00,19.72M,0.00
6/29/20,12192.90,12307.20,12353.00,12009.90,26.07M,-0.02
6/30/20,12261.50,12261.50,12536.00,12147.10,31.22M,0.01
7/1/20,12536.00,12353.00,12581.80,12307.20,22.84M,0.02
7/2/20,12627.50,12581.80,12696.10,12536.00,27.38M,0.01
7/3/20,12581.80,12673.30,12696.10,12536.00,17.08M,0.00
7/6/20,12627.50,12673.30,12696.10,12558.90,20.56M,0.00
7/7/20,12970.60,12696.10,13222.30,12673.30,59.07M,0.03
7/8/20,12833.40,12879.10,13016.40,12764.80,19.28M,-0.01
7/9/20,12879.10,12856.30,12947.80,12787.60,15.98M,0.00
7/10/20,12696.10,12810.50,12924.90,12627.50,30.45M,-0.01
7/13/20,12650.40,12604.60,12741.90,12467.40,30.96M,0.00
7/14/20,12764.80,12558.90,12787.60,12536.00,12.12M,0.01
7/15/20,12833.40,12902.00,12993.50,12833.40,13.82M,0.01
7/16/20,13085.00,12902.00,13222.30,12787.60,37.73M,0.02
7/17/20,13062.20,13130.80,13153.70,13062.20,14.24M,0.00
7/20/20,12810.50,13039.30,13130.80,12810.50,24.44M,-0.02
7/21/20,12856.30,12856.30,12924.90,12719.00,24.69M,0.00
7/22/20,12856.30,12947.80,12993.50,12787.60,15.71M,0.00
7/23/20,12902.00,12856.30,12902.00,12673.30,21.43M,0.00
7/24/20,12284.40,12810.50,12833.40,12032.70,44.83M,-0.05
7/27/20,11872.60,11918.40,12421.60,11804.00,38.73M,-0.03
7/28/20,12513.10,12124.20,12581.80,11987.00,29.74M,0.05
7/29/20,12126.00,12432.60,12711.40,11791.50,32.55M,-0.03
7/30/20,12321.10,12209.60,12432.60,12181.70,19.93M,0.02
7/31/20,12098.10,11958.70,12293.20,11958.70,13.44M,-0.02
8/3/20,12767.10,12098.10,12822.90,12098.10,29.65M,0.06
8/4/20,12822.90,12934.40,12990.10,12711.40,19.46M,0.00
8/5/20,13436.10,12822.90,13575.50,12767.10,45.48M,0.05
8/6/20,13408.30,13436.10,13603.40,13268.90,24.12M,0.00
8/7/20,13491.90,13380.40,13547.60,13352.50,21.35M,0.01
8/10/20,13547.60,13631.30,13798.50,13547.60,24.82M,0.00
8/11/20,13519.80,13603.40,13687.00,13436.10,16.98M,0.00
8/12/20,13547.60,13547.60,13659.10,13436.10,15.49M,0.00
8/13/20,13659.10,13659.10,13714.90,13547.60,13.27M,0.01
8/14/20,13436.10,13659.10,13714.90,13324.60,26.95M,-0.02
8/17/20,13547.60,13408.30,13547.60,13352.50,14.79M,0.01
8/18/20,13464.00,13603.40,13603.40,13436.10,9.00M,-0.01
8/19/20,13519.80,13491.90,13603.40,13436.10,16.26M,0.00
8/20/20,13436.10,13519.80,13575.50,13380.40,17.00M,-0.01
8/21/20,13575.50,13436.10,13603.40,13408.30,15.67M,0.01
8/24/20,13826.40,13659.10,13910.00,13603.40,24.45M,0.02
8/25/20,13687.00,13882.10,13965.80,13687.00,18.82M,-0.01
8/26/20,13491.90,13659.10,13687.00,13491.90,28.65M,-0.01
8/27/20,13547.60,13491.90,13575.50,13436.10,15.45M,0.00
8/28/20,13547.60,13659.10,13659.10,13519.80,20.36M,0.00
8/31/20,13687.00,13491.90,13826.40,13491.90,23.40M,0.01
9/1/20,13826.40,13687.00,13910.00,13631.30,29.40M,0.01
9/3/20,13937.90,13937.90,14049.40,13882.10,25.54M,0.01
9/4/20,13910.00,13742.80,13993.70,13742.80,33.03M,0.00
9/7/20,13659.10,13937.90,13993.70,13659.10,25.16M,-0.02
9/8/20,13742.80,13714.90,13770.60,13631.30,21.52M,0.01
9/9/20,13659.10,13603.40,13910.00,13575.50,34.45M,-0.01
9/10/20,13687.00,13770.60,13854.30,13659.10,21.25M,0.00
9/11/20,13631.30,13687.00,13742.80,13631.30,20.49M,0.00
9/14/20,13714.90,13659.10,13798.50,13659.10,22.33M,0.01
9/15/20,13770.60,13798.50,13910.00,13742.80,15.55M,0.00
9/16/20,13770.60,13798.50,13826.40,13714.90,12.09M,0.00
9/17/20,14160.90,13798.50,14216.70,13770.60,46.96M,0.03
9/18/20,14328.20,14244.50,14328.20,14216.70,21.89M,0.01
9/21/20,14328.20,14439.70,14467.50,14272.40,20.41M,0.00
9/22/20,14244.50,14216.70,14328.20,14160.90,26.83M,-0.01
9/23/20,14383.90,14300.30,14439.70,14244.50,22.09M,0.01
9/24/20,14300.30,14328.20,14439.70,14216.70,21.82M,-0.01
9/25/20,14356.00,14383.90,14383.90,14216.70,17.72M,0.00
9/28/20,14718.40,14383.90,14718.40,14328.20,30.84M,0.03
9/29/20,14690.50,14746.30,14941.40,14690.50,32.39M,0.00
9/30/20,14718.40,14690.50,14802.10,14551.20,22.79M,0.00
10/1/20,15052.90,14829.90,15164.40,14774.20,30.12M,0.02
10/2/20,14885.70,15080.80,15192.30,14495.40,35.47M,-0.01
10/5/20,15248.10,14969.30,15275.90,14969.30,22.45M,0.02
10/6/20,15749.80,15303.80,15749.80,15164.40,41.44M,0.03
10/7/20,15498.90,15666.20,15777.70,15498.90,25.89M,-0.02
10/8/20,15666.20,15610.40,15666.20,15443.20,32.01M,0.01
10/9/20,15889.20,15722.00,16000.70,15610.40,16.61M,0.01
10/12/20,15749.80,15972.80,16028.60,15638.30,21.51M,-0.01
10/13/20,15610.40,15722.00,15749.80,15554.70,18.72M,-0.01
10/14/20,15805.60,15582.60,15805.60,15498.90,24.99M,0.01
10/15/20,16195.80,16725.50,16725.50,16195.80,53.57M,0.02
10/16/20,16223.70,16279.50,16446.70,16140.10,30.39M,0.00
10/19/20,16112.20,16251.60,16307.30,16084.30,19.20M,-0.01
10/20/20,16363.10,16028.60,16363.10,16000.70,23.38M,0.02
10/21/20,16223.70,16418.80,16502.50,16168.00,18.73M,-0.01
10/22/20,16502.50,16168.00,16502.50,16112.20,22.94M,0.02
10/23/20,17227.20,16614.00,17227.20,16530.40,51.83M,0.04
10/26/20,17171.50,17283.00,17840.50,17115.70,35.73M,0.00
10/27/20,17506.00,17060.00,17673.30,17032.10,44.37M,0.02
10/28/20,16948.50,17366.60,17645.40,16837.00,45.04M,-0.03
10/29/20,17060.00,16697.60,17143.60,16697.60,36.47M,0.01
10/30/20,17032.10,17171.50,17227.20,16669.70,33.41M,0.00
11/2/20,17060.00,17032.10,17115.70,16920.60,18.23M,0.00
11/3/20,17115.70,17283.00,17450.30,17032.10,30.75M,0.00
11/4/20,17087.90,17115.70,17283.00,16920.60,32.10M,0.00
11/5/20,16864.90,17087.90,17143.60,16864.90,20.36M,-0.01
11/6/20,16948.50,16892.70,17115.70,16837.00,23.54M,0.01
11/9/20,17561.80,17171.50,17561.80,17115.70,32.14M,0.04
11/10/20,17450.30,17896.30,17952.00,17450.30,36.23M,-0.01
11/11/20,17450.30,17450.30,17617.50,17366.60,25.56M,0.00
11/12/20,17533.90,17450.30,17561.80,17422.40,17.21M,0.00
11/13/20,17812.60,17561.80,17812.60,17533.90,21.34M,0.02
11/16/20,17979.90,18007.80,18258.70,17784.80,44.82M,0.01
11/17/20,18593.20,18119.30,18593.20,18063.50,28.48M,0.03
11/18/20,19290.10,18732.50,19290.10,18593.20,38.81M,0.04
11/19/20,19624.60,19345.80,19791.80,19206.40,46.57M,0.02
11/20/20,19903.30,19680.30,19903.30,19485.20,31.84M,0.01
11/23/20,20906.90,19903.30,21102.00,19791.80,41.56M,0.05
11/24/20,20906.90,21046.20,21464.40,20237.80,85.88M,0.00
11/25/20,19847.60,20516.60,20572.30,19624.60,97.75M,-0.05
11/26/20,19568.80,19568.80,19736.10,19122.80,58.20M,-0.01
11/27/20,20210.00,19513.10,20293.60,19513.10,28.13M,0.03
11/30/20,19791.80,20210.00,20293.60,19791.80,30.64M,-0.02
12/1/20,19847.60,19457.30,19847.60,19262.20,38.26M,0.00
12/2/20,19680.30,19847.60,19875.40,19568.80,25.70M,-0.01
12/3/20,20544.50,19819.70,20544.50,19680.30,39.51M,0.04
12/4/20,20600.20,20656.00,20767.50,20460.80,31.18M,0.00
12/7/20,21297.10,20656.00,21408.60,20544.50,42.82M,0.03
12/8/20,21408.60,21297.10,21631.60,21185.60,35.69M,0.01
12/9/20,21464.40,21464.40,21520.10,21241.40,26.79M,0.00
12/10/20,20962.60,21464.40,21520.10,20739.60,53.36M,-0.02
12/11/20,21631.60,21185.60,21631.60,21018.40,29.21M,0.03
12/14/20,21882.50,21966.10,22021.90,21715.30,25.42M,0.01
12/15/20,21520.10,21771.00,21826.80,21464.40,34.37M,-0.02
12/16/20,21631.60,21631.60,21938.30,21464.40,30.40M,0.01
12/17/20,20990.50,21408.60,21548.00,20990.50,53.78M,-0.03
12/18/20,21520.10,21241.40,21603.70,21129.90,35.02M,0.03
12/21/20,21492.20,21743.10,21771.00,21380.70,27.71M,0.00
12/22/20,21938.30,21492.20,21994.00,21352.90,45.72M,0.02
12/23/20,22300.60,21994.00,22969.70,21966.10,49.31M,0.02
12/24/20,22272.80,22635.20,22746.70,21520.10,32.48M,0.00
12/25/20,22718.80,22300.60,22774.50,22021.90,39.78M,0.02
12/28/20,23164.80,23304.20,23387.80,22858.20,36.90M,0.02
12/29/20,23192.70,22997.50,23332.00,22886.00,23.59M,0.00
12/30/20,22802.40,23192.70,23192.70,22718.80,38.45M,-0.02
12/31/20,23109.00,22802.40,23276.30,22690.90,20.83M,0.01
1/4/21,23582.90,23415.70,23973.20,23220.50,27.79M,0.02
1/5/21,23610.80,23304.20,23861.70,23248.40,32.70M,0.00
1/6/21,23861.70,23694.40,24140.40,23582.90,31.50M,0.01
1/7/21,23861.70,24056.80,24084.70,23555.10,38.23M,0.00
1/8/21,23833.80,23917.40,24140.40,23750.20,35.06M,0.00
1/11/21,24001.10,24028.90,24140.40,23750.20,29.21M,0.01
1/12/21,25032.50,24084.70,25032.50,23917.40,39.91M,0.04
1/13/21,24921.00,25199.70,25339.10,24753.70,28.31M,0.00
1/14/21,24781.60,24921.00,24921.00,24447.10,30.76M,-0.01
1/15/21,24809.50,24698.00,25116.10,24698.00,25.95M,0.00
1/18/21,24865.20,24809.50,25004.60,24670.10,31.79M,0.00
1/19/21,23192.70,24865.20,24865.20,23136.90,45.24M,-0.07
1/20/21,23248.40,23415.70,23945.30,22300.60,66.54M,0.00
1/21/21,24642.20,23889.60,24642.20,23304.20,36.56M,0.06
1/22/21,24335.60,24698.00,24921.00,24279.80,25.97M,-0.01
1/25/21,24363.50,24112.60,25339.10,24028.90,58.08M,0.00
1/26/21,23582.90,24307.70,24307.70,23192.70,42.29M,-0.03
1/27/21,22467.90,23081.20,23638.70,22021.90,49.24M,-0.05
1/28/21,20906.90,20962.60,21771.00,20906.90,87.64M,-0.07
1/29/21,21826.80,20628.10,22272.80,20628.10,70.64M,0.04
2/1/21,21380.70,21743.10,22217.00,21297.10,37.42M,-0.02
2/2/21,22579.40,21464.40,22579.40,21325.00,50.09M,0.06
2/3/21,23415.70,22969.70,23610.80,22858.20,61.14M,0.04
2/4/21,23304.20,23415.70,23527.20,23164.80,39.05M,0.00
2/5/21,23694.40,23387.80,23805.90,23248.40,41.02M,0.02
2/8/21,22802.40,23694.40,23750.20,22300.60,57.77M,-0.04
2/9/21,23304.20,22802.40,23359.90,22551.50,45.92M,0.02
2/17/21,24224.10,23666.60,24224.10,23582.90,42.56M,0.04
2/18/21,24447.10,24196.20,24530.70,23945.30,37.46M,0.01
2/19/21,24224.10,24140.40,24475.00,24028.90,29.85M,-0.01
2/22/21,24196.20,24224.10,24753.70,23973.20,37.49M,0.00
2/23/21,24140.40,24084.70,24391.30,23945.30,31.45M,0.00
2/24/21,24307.70,24335.60,24753.70,24140.40,47.88M,0.01
2/25/21,24614.30,24530.70,24753.70,24335.60,38.49M,0.01
2/26/21,25422.70,24363.50,25478.50,24307.70,71.83M,0.03
3/1/21,25757.20,25785.10,25813.00,25534.20,38.61M,0.01
3/2/21,26036.00,26091.80,26259.00,25757.20,41.54M,0.01
3/3/21,26091.80,25952.40,26231.10,25924.50,39.07M,0.00
3/4/21,25590.00,26147.50,26147.50,25088.20,49.07M,-0.02
3/5/21,25645.70,25450.60,25701.50,25144.00,37.55M,0.00
3/8/21,25813.00,25980.20,26147.50,25645.70,31.20M,0.01
3/9/21,25562.10,25645.70,25757.20,25116.10,28.59M,-0.01
3/10/21,25422.70,25562.10,25562.10,25171.80,27.68M,-0.01
3/11/21,25868.70,25590.00,26008.10,25534.20,27.32M,0.02
3/12/21,25896.60,25980.20,25980.20,25757.20,21.33M,0.00
3/15/21,25924.50,25980.20,26147.50,25868.70,20.89M,0.00
3/16/21,25701.50,25980.20,25980.20,25534.20,24.74M,-0.01
3/17/21,25813.00,25729.40,25896.60,25673.60,21.40M,0.00
3/18/21,25980.20,26036.00,26063.90,25840.90,19.60M,0.01
3/19/21,26286.90,25980.20,26454.10,25980.20,32.28M,0.01
3/22/21,26063.90,26370.50,26454.10,26036.00,19.39M,-0.01
3/23/21,25980.20,26008.10,26259.00,25868.70,21.92M,0.00
3/24/21,25339.10,25673.60,25840.90,25144.00,41.51M,-0.02
3/25/21,25088.20,25478.50,25506.40,24976.70,34.98M,-0.01
3/26/21,25757.20,25367.00,25757.20,25116.10,49.33M,0.03
3/29/21,25813.00,25924.50,25980.20,25729.40,23.26M,0.00
3/30/21,25896.60,25924.50,26063.90,25701.50,23.40M,0.00
3/31/21,26091.80,25896.60,26398.40,25840.90,28.65M,0.01
4/1/21,27039.50,26203.30,27039.50,26175.40,48.58M,0.04
4/2/21,27346.20,27206.80,27485.50,27095.30,29.27M,0.01
4/5/21,27485.50,27597.00,27652.80,27290.40,26.99M,0.01
4/6/21,27541.30,27485.50,27624.90,27374.00,24.63M,0.00
4/7/21,27569.20,27541.30,27652.80,27262.50,25.29M,0.00
4/8/21,27513.40,27597.00,27652.80,27318.30,21.01M,0.00
4/9/21,27624.90,27485.50,27820.10,27346.20,27.42M,0.00
4/12/21,28544.80,27820.10,28712.10,27736.40,47.40M,0.03
4/13/21,27931.60,28712.10,28712.10,27931.60,47.31M,-0.02
4/14/21,29548.40,27931.60,29715.60,27820.10,50.46M,0.06
4/15/21,30384.60,29827.10,30496.10,29269.60,56.30M,0.03
4/16/21,30440.40,30161.60,31053.60,29827.10,49.90M,0.00
4/19/21,32224.40,30774.90,32224.40,30496.10,61.09M,0.06
4/20/21,31889.90,32335.90,32670.40,31220.90,66.39M,-0.01
4/22/21,30663.40,31499.70,32280.20,30663.40,58.00M,-0.04
4/23/21,31443.90,30942.10,31443.90,30551.90,50.01M,0.03
4/26/21,30719.10,31499.70,31555.40,30663.40,44.15M,-0.02
4/27/21,31388.20,30719.10,31443.90,30328.90,37.37M,0.02
4/28/21,31220.90,31388.20,31499.70,30942.10,27.41M,-0.01
4/29/21,32391.70,31499.70,32726.20,31443.90,48.93M,0.04
5/4/21,33339.50,31945.70,33674.00,31778.40,57.91M,0.03
5/5/21,33060.70,33451.00,33618.20,33060.70,42.94M,-0.01
5/6/21,33116.50,33060.70,33618.20,32781.90,37.93M,0.00
5/7/21,33897.00,33005.00,34287.20,32949.20,51.87M,0.02
5/10/21,35123.50,33897.00,35290.80,33897.00,49.42M,0.04
5/11/21,34566.00,35290.80,35290.80,34566.00,51.89M,-0.02
5/12/21,34956.30,34343.00,34956.30,34175.70,51.45M,0.01
5/13/21,34287.20,34789.00,35123.50,34287.20,43.27M,-0.02
5/14/21,34231.50,34566.00,34844.80,34008.50,55.84M,0.00
5/17/21,34510.20,34231.50,34789.00,33785.50,59.68M,0.01
5/18/21,35346.50,34844.80,35513.80,34844.80,68.70M,0.02
5/19/21,36851.80,35681.00,37186.30,35402.30,49.86M,0.04
5/20/21,37130.60,36907.60,37186.30,36517.30,37.82M,0.01
5/21/21,36573.10,36851.80,37019.10,36461.50,40.28M,-0.02
5/24/21,36461.50,36573.10,36851.80,36238.50,41.40M,0.00
5/25/21,37576.60,36405.80,37799.60,36350.00,39.82M,0.03
5/26/21,37799.60,37576.60,37799.60,37465.10,27.18M,0.01
5/27/21,37242.10,37743.80,37799.60,36907.60,33.63M,-0.01
5/28/21,37409.30,37409.30,37520.80,36907.60,52.89M,0.00
5/31/21,39884.60,39884.60,39884.60,39203.50,78.40M,0.07
6/1/21,42003.70,41322.60,42609.20,40868.50,43.44M,0.05
6/2/21,40868.50,41625.30,42003.70,40111.70,52.00M,-0.03
6/3/21,41095.50,40868.50,41322.60,40111.70,48.06M,0.01
6/4/21,41246.90,41246.90,41852.40,41095.50,41.18M,0.00
6/7/21,39884.60,41322.60,41625.30,39354.90,45.05M,-0.03
6/8/21,37841.20,39581.90,40036.00,37841.20,50.03M,-0.05
6/9/21,38068.30,37765.50,38900.80,37084.40,53.24M,0.01
6/10/21,39052.10,37992.60,39808.90,37841.20,38.11M,0.03
6/11/21,40187.40,39430.50,40263.00,39052.10,37.74M,0.03
6/14/21,40565.80,40490.10,41095.50,39960.30,37.16M,0.01
6/15/21,40263.00,40111.70,40565.80,39884.60,28.22M,-0.01
6/16/21,39203.50,39960.30,40111.70,38976.40,37.61M,-0.03
6/17/21,38900.80,38522.30,39279.20,38522.30,26.28M,-0.01
6/18/21,39430.50,39279.20,40338.70,38900.80,37.69M,0.01
6/21/21,38749.40,39354.90,39733.30,38749.40,29.39M,-0.02
6/22/21,39127.80,38976.40,39657.60,38749.40,24.00M,0.01
6/23/21,38900.80,39052.10,39279.20,38673.70,24.13M,-0.01
6/24/21,38295.30,38900.80,39127.80,38219.60,25.98M,-0.02
6/25/21,38371.00,38371.00,38749.40,37689.80,34.05M,0.00
6/28/21,39657.60,38825.10,39733.30,38446.70,50.91M,0.03
6/29/21,39203.50,39733.30,39808.90,39127.80,25.78M,-0.01
6/30/21,38976.40,39279.20,39506.20,38900.80,24.57M,-0.01
7/1/21,39960.30,39127.80,40036.00,39052.10,51.57M,0.03
7/2/21,39581.90,40111.70,40414.40,39506.20,39.08M,-0.01
7/5/21,38749.40,39581.90,39581.90,38446.70,48.19M,-0.02
7/6/21,36327.60,38673.70,39506.20,36327.60,62.68M,-0.06
7/7/21,37765.50,37084.40,37765.50,36214.00,52.72M,0.04
7/8/21,37084.40,37765.50,37916.90,36781.60,39.82M,-0.02
7/9/21,35797.80,36706.00,37160.10,34813.90,60.96M,-0.03
7/12/21,34019.20,35343.70,35495.00,33300.30,98.15M,-0.05
7/13/21,34435.50,34435.50,34813.90,33716.50,33.15M,0.01
7/14/21,34057.10,34738.20,34813.90,33565.10,35.66M,-0.01
7/15/21,35192.30,33754.40,35457.20,33754.40,37.11M,0.03
7/16/21,35381.50,35343.70,35911.30,35192.30,28.93M,0.01
7/19/21,33527.30,34549.00,34738.20,33300.30,51.25M,-0.05
7/20/21,35797.80,34057.10,35797.80,33640.80,53.26M,0.07
7/21/21,35381.50,35949.10,36176.20,35268.00,27.74M,-0.01
7/22/21,35722.10,35343.70,36100.50,35041.00,27.94M,0.01
7/23/21,34662.50,35419.40,35570.70,34662.50,37.58M,-0.03
7/26/21,34511.20,34435.50,34889.60,33792.20,30.53M,0.00
7/27/21,34965.30,34813.90,35419.40,34586.90,23.67M,0.01
7/28/21,35343.70,35041.00,35646.40,34965.30,27.58M,0.01
7/29/21,35646.40,35532.90,36100.50,35419.40,42.62M,0.01
7/30/21,35797.80,35646.40,36024.80,35646.40,29.92M,0.00
8/2/21,35759.90,35646.40,36251.90,35495.00,31.47M,0.00
8/3/21,35759.90,35797.80,36062.70,35381.50,36.79M,0.00
8/4/21,35949.10,35987.00,36327.60,35759.90,31.63M,0.01
8/5/21,36933.00,35911.30,37084.40,35835.60,38.62M,0.03
8/6/21,36630.30,36781.60,37160.10,36554.60,26.13M,-0.01
8/9/21,37614.20,36403.20,37614.20,36289.70,39.55M,0.03
8/10/21,37387.10,37916.90,38219.60,37160.10,30.31M,-0.01
8/11/21,37046.50,37689.80,37689.80,37046.50,28.46M,-0.01
8/12/21,36630.30,37008.70,37084.40,36630.30,28.01M,-0.01
8/13/21,36819.50,36630.30,36857.30,36100.50,33.55M,0.01
8/16/21,37425.00,37084.40,37462.80,37046.50,28.89M,0.02
8/17/21,38143.90,37576.30,38522.30,37538.50,59.13M,0.02
8/18/21,38143.90,38219.60,38522.30,37765.50,26.21M,0.00
8/19/21,38522.30,38295.30,38825.10,38143.90,35.76M,0.01
8/20/21,37084.40,38446.70,38598.00,36478.90,64.13M,-0.04
8/23/21,35949.10,37084.40,37084.40,35949.10,42.67M,-0.03
8/24/21,36138.30,36024.80,36516.80,35949.10,28.51M,0.01
8/25/21,36630.30,36289.70,36706.00,35873.50,21.32M,0.01
8/26/21,36100.50,36781.60,36781.60,35987.00,18.02M,-0.01
8/27/21,36024.80,35949.10,36214.00,35381.50,31.84M,0.00
8/30/21,36857.30,36327.60,36895.20,36062.70,22.11M,0.02
8/31/21,37311.40,37084.40,37614.20,36933.00,33.63M,0.01
9/1/21,37235.70,37084.40,37500.60,37008.70,19.59M,0.00
9/6/21,38749.40,37462.80,38900.80,37387.10,62.53M,0.04
9/7/21,38371.00,39052.10,39354.90,38295.30,40.62M,-0.01
9/8/21,38825.10,38371.00,39279.20,38143.90,42.95M,0.01
9/9/21,39279.20,39052.10,39657.60,38976.40,47.73M,0.01
9/10/21,38976.40,39354.90,39506.20,38900.80,22.38M,-0.01
9/13/21,38446.70,38976.40,38976.40,38371.00,35.40M,-0.01
9/14/21,38068.30,38446.70,38598.00,37992.60,29.16M,-0.01
9/15/21,39052.10,37916.90,39354.90,37765.50,33.68M,0.03
9/16/21,38825.10,39354.90,39581.90,38825.10,23.38M,-0.01
9/17/21,39203.50,38900.80,39354.90,38825.10,31.91M,0.01
9/20/21,38825.10,39657.60,39657.60,38522.30,42.03M,-0.01
9/21/21,38446.70,38295.30,38749.40,37992.60,37.50M,-0.01
9/22/21,38522.30,38446.70,38673.70,38295.30,17.09M,0.00
9/23/21,38598.00,38825.10,39279.20,38522.30,23.11M,0.00
9/24/21,38446.70,38598.00,39127.80,38371.00,20.65M,0.00
9/27/21,38446.70,38900.80,39354.90,38446.70,37.01M,0.00
9/28/21,39808.90,38295.30,39884.60,38295.30,46.29M,0.04
9/29/21,40338.70,39884.60,40565.80,39808.90,45.37M,0.01
9/30/21,40036.00,40641.50,40641.50,39960.30,30.09M,-0.01
10/1/21,40414.40,40036.00,40641.50,39884.60,39.62M,0.01
10/4/21,42003.70,40792.80,42306.50,40792.80,58.96M,0.04
10/5/21,41852.40,42003.70,42306.50,41701.00,34.54M,0.00
10/6/21,42457.80,42230.80,42609.20,41928.10,34.80M,0.01
10/7/21,42079.40,42684.90,42911.90,42003.70,34.80M,-0.01
10/8/21,42155.10,42230.80,42533.50,41776.70,28.20M,0.00
10/11/21,43290.30,42457.80,43366.00,42155.10,33.21M,0.03
10/12/21,43139.00,43366.00,43593.10,42987.60,23.54M,0.00
10/13/21,42987.60,43139.00,43441.70,42760.60,20.26M,0.00
10/14/21,42987.60,42987.60,43441.70,42911.90,25.06M,0.00
10/15/21,43366.00,43366.00,43668.70,43139.00,24.08M,0.01
10/18/21,43820.10,43593.10,44198.50,43517.40,26.96M,0.01
10/19/21,43290.30,43593.10,43895.80,43214.70,30.84M,-0.01
10/20/21,43063.30,43441.70,43517.40,42230.80,45.06M,-0.01
10/21/21,43290.30,43290.30,44047.20,42836.20,50.95M,0.01
10/22/21,42911.90,43441.70,43744.40,42911.90,25.80M,-0.01
10/25/21,41701.00,42760.60,42911.90,41701.00,54.09M,-0.03
10/26/21,42609.20,41474.00,42609.20,41019.90,36.28M,0.02
10/27/21,43820.10,42609.20,43820.10,42609.20,37.62M,0.03
10/28/21,43895.80,43820.10,44047.20,43366.00,28.50M,0.00
10/29/21,43214.70,43895.80,43971.50,43214.70,31.04M,-0.02
11/1/21,42155.10,43214.70,43214.70,42155.10,58.78M,-0.02
11/2/21,42003.70,42003.70,42684.90,41776.70,33.37M,0.00
11/3/21,42079.40,42533.50,42609.20,41852.40,38.83M,0.00
11/4/21,42609.20,42079.40,43063.30,42079.40,19.30M,0.01
11/5/21,42836.20,42609.20,43139.00,42155.10,25.19M,0.01
11/8/21,42987.60,43063.30,43139.00,42533.50,27.63M,0.00
11/9/21,42760.60,42987.60,43593.10,42684.90,32.13M,-0.01
11/10/21,41852.40,42760.60,42836.20,41776.70,56.39M,-0.02
11/11/21,40868.50,41625.30,41852.40,40565.80,70.58M,-0.02
11/12/21,41322.60,40792.80,41474.00,40717.10,27.10M,0.01
11/15/21,40565.80,41246.90,41322.60,40338.70,39.84M,-0.02
11/16/21,39354.90,40338.70,40565.80,39354.90,51.71M,-0.03
11/17/21,38900.80,39354.90,39808.90,38900.80,39.00M,-0.01
11/18/21,37803.40,38900.80,38900.80,37538.50,76.19M,-0.03
11/19/21,36327.60,37538.50,37614.20,36251.90,63.01M,-0.04
11/22/21,36819.50,36478.90,37235.70,36327.60,29.42M,0.01
11/23/21,37500.60,37008.70,37689.80,36781.60,20.34M,0.02
11/24/21,36819.50,37462.80,37614.20,36706.00,35.26M,-0.02
11/25/21,37273.60,36857.30,37349.30,36857.30,28.29M,0.01
11/26/21,37122.20,37311.40,37803.40,37084.40,34.75M,0.00
11/29/21,36630.30,36478.90,37008.70,36478.90,28.34M,-0.01
11/30/21,37046.50,37046.50,37803.40,36706.00,28.83M,0.01
12/1/21,37084.40,37462.80,37462.80,37008.70,17.97M,0.00
12/2/21,36781.60,37235.70,37273.60,36781.60,16.68M,-0.01
12/3/21,36100.50,36933.00,37197.90,36100.50,28.19M,-0.02
12/6/21,34624.70,35949.10,36289.70,34435.50,45.02M,-0.04
12/7/21,36024.80,35154.50,36024.80,34813.90,28.52M,0.04
12/8/21,35722.10,36251.90,36251.90,35608.60,14.44M,-0.01
12/9/21,35646.40,35495.00,35797.80,35419.40,13.42M,0.00
12/10/21,35192.30,35608.60,35722.10,35116.60,25.26M,-0.01
12/13/21,35230.20,35230.20,35684.30,35041.00,18.60M,0.00
12/14/21,36100.50,35230.20,37160.10,34965.30,46.38M,0.02
12/15/21,36176.20,36327.60,36781.60,36100.50,11.76M,0.00
12/16/21,35949.10,36403.20,36403.20,35797.80,14.34M,-0.01
12/17/21,35343.70,35835.60,35987.00,35268.00,28.62M,-0.02
12/20/21,35495.00,35343.70,35835.60,35192.30,12.98M,0.00
12/21/21,34889.60,35495.00,35532.90,34889.60,22.22M,-0.02
12/22/21,34132.80,35041.00,35192.30,34132.80,32.07M,-0.02
12/23/21,34019.20,34132.80,34132.80,33375.90,34.68M,0.00
12/24/21,34851.70,34284.10,35305.80,34246.30,24.92M,0.02
12/27/21,34738.20,35230.20,35268.00,34473.30,13.88M,0.00
12/28/21,34662.50,34738.20,35343.70,34511.20,16.06M,0.00
12/29/21,34662.50,34662.50,35041.00,34435.50,19.65M,0.00
12/30/21,34586.90,35041.00,35041.00,34586.90,13.37M,0.00
12/31/21,35116.60,34813.90,35305.80,34700.40,17.92M,0.02
1/4/22,35381.50,35419.40,35722.10,35268.00,26.13M,0.01
1/5/22,35419.40,35495.00,35835.60,35419.40,24.39M,0.00
1/6/22,34889.60,35192.30,35343.70,34889.60,22.32M,-0.02
1/7/22,34662.50,34889.60,34965.30,34549.00,21.24M,-0.01
1/10/22,34549.00,34700.40,35305.80,34435.50,22.72M,0.00
1/11/22,34132.80,34851.70,34851.70,34132.80,16.59M,-0.01
1/12/22,34965.30,34208.40,35003.10,34170.60,19.09M,0.02
1/13/22,35343.70,35041.00,35797.80,34965.30,32.49M,0.01
1/14/22,35003.10,35192.30,35457.20,34965.30,10.27M,-0.01
1/17/22,33830.00,35003.10,35192.30,33830.00,28.16M,-0.03
1/18/22,33300.30,33678.70,34246.30,32543.40,27.87M,-0.02
1/19/22,32921.80,33603.00,33716.50,32884.00,23.02M,-0.01
1/20/22,33300.30,33148.90,33451.60,32770.50,19.07M,0.01
1/21/22,32770.50,33300.30,33640.80,32619.10,21.16M,-0.02
1/24/22,30802.70,32619.10,32694.80,30802.70,38.25M,-0.06
1/25/22,32732.60,30651.40,32770.50,30424.30,23.25M,0.06
1/26/22,32884.00,32921.80,33640.80,32884.00,19.77M,0.00
1/27/22,31900.10,32694.80,32921.80,31786.60,19.11M,-0.03
1/28/22,31938.00,31975.80,32392.10,31559.60,19.42M,0.00
2/7/22,32581.30,32392.10,33073.20,31635.20,21.59M,0.02
2/8/22,34473.30,32543.40,34473.30,32543.40,34.49M,0.06
2/9/22,35797.80,34662.50,36554.60,34586.90,52.39M,0.04
2/10/22,35570.70,35873.50,36251.90,35343.70,30.68M,-0.01
2/11/22,35684.30,35268.00,35949.10,35041.00,22.55M,0.00
2/14/22,34965.30,35192.30,35949.10,34927.40,23.72M,-0.02
2/15/22,34813.90,34965.30,35230.20,34359.80,20.23M,0.00
2/16/22,34813.90,34889.60,35192.30,34511.20,12.16M,0.00
2/17/22,35192.30,34813.90,35381.50,34813.90,14.76M,0.01
2/18/22,35608.60,34965.30,36062.70,34851.70,27.79M,0.01
2/21/22,35305.80,35646.40,35949.10,35230.20,15.83M,-0.01
2/22/22,35116.60,35041.00,35268.00,34586.90,22.97M,-0.01
2/23/22,35343.70,35305.80,35722.10,35003.10,16.88M,0.01
2/24/22,34813.90,35381.50,35457.20,34132.80,29.18M,-0.02
2/25/22,34738.20,34889.60,35078.80,34738.20,16.61M,0.00
2/28/22,35722.10,34851.70,36176.20,34851.70,45.76M,0.03
3/1/22,35495.00,36100.50,36403.20,35457.20,30.39M,-0.01
3/2/22,35495.00,35570.70,35835.60,35268.00,25.86M,0.00
3/3/22,37916.90,36024.80,37916.90,35797.80,99.11M,0.07
3/4/22,37689.80,38598.00,38825.10,37689.80,43.39M,-0.01
3/7/22,38673.70,37992.60,39733.30,37841.20,49.99M,0.03
3/8/22,37425.00,38295.30,38749.40,37425.00,52.66M,-0.03
3/9/22,37727.70,37841.20,38068.30,36970.90,45.21M,0.01
3/10/22,37197.90,37841.20,37916.90,37160.10,34.88M,-0.01
3/11/22,36024.80,37235.70,37311.40,35457.20,57.64M,-0.03
3/14/22,34662.50,35797.80,36478.90,34662.50,44.00M,-0.04
3/15/22,34927.40,34776.10,35343.70,34397.70,27.12M,0.01
3/16/22,34965.30,35495.00,35684.30,34965.30,14.84M,0.00
3/17/22,34776.10,35268.00,35343.70,34738.20,19.45M,-0.01
3/18/22,35192.30,34965.30,35457.20,34851.70,23.05M,0.01
3/21/22,35457.20,35343.70,35722.10,35116.60,25.11M,0.01
3/22/22,35495.00,35495.00,35532.90,35041.00,29.86M,0.00
3/23/22,35419.40,35722.10,35911.30,35419.40,22.48M,0.00
3/24/22,35116.60,35570.70,35570.70,35078.80,19.41M,-0.01
3/25/22,35116.60,35230.20,35532.90,34965.30,17.48M,0.00
3/28/22,34738.20,34889.60,35457.20,34662.50,25.36M,-0.01
3/29/22,34700.40,34965.30,35003.10,34662.50,16.88M,0.00
3/30/22,34435.50,34662.50,35116.60,34359.80,20.44M,-0.01
3/31/22,34132.80,34549.00,34776.10,33905.70,24.56M,-0.01
4/1/22,34586.90,34057.10,34813.90,33678.70,25.61M,0.01
4/4/22,34700.40,34813.90,35041.00,34624.70,15.80M,0.00
4/5/22,34889.60,34813.90,35116.60,34776.10,15.76M,0.01
4/6/22,35759.90,34813.90,36289.70,34813.90,38.62M,0.02
4/7/22,35230.20,35949.10,36024.80,35230.20,18.87M,-0.01
4/8/22,35116.60,35381.50,35608.60,35078.80,17.86M,0.00
4/12/22,34132.80,35192.30,35192.30,34094.90,23.70M,-0.03
4/13/22,34208.40,34284.10,34397.70,33830.00,16.53M,0.00
4/14/22,33981.40,34284.10,34473.30,33981.40,15.65M,-0.01
4/15/22,33451.60,33981.40,34057.10,33413.80,23.89M,-0.02
4/18/22,32278.50,33338.10,33716.50,32278.50,30.14M,-0.04
4/19/22,32770.50,32543.40,33224.60,32467.80,24.77M,0.02
4/20/22,32694.80,32921.80,33300.30,32619.10,17.21M,0.00
4/21/22,32808.30,32543.40,33375.90,31862.30,23.16M,0.00
4/22/22,33148.90,33300.30,33338.10,32051.50,16.51M,0.01
4/25/22,30840.60,33148.90,33148.90,30840.60,37.77M,-0.07
4/26/22,31181.20,30386.50,31332.50,29970.20,30.26M,0.01
4/27/22,32165.00,31181.20,32467.80,31105.50,24.41M,0.03
4/28/22,32619.10,32165.00,32884.00,32165.00,17.70M,0.01
4/29/22,32770.50,32467.80,32846.20,32429.90,16.05M,0.00
5/4/22,31786.60,32770.50,32770.50,31786.60,19.37M,-0.03
5/5/22,31824.50,32240.70,32240.70,31408.20,17.96M,0.00
5/6/22,31635.20,31332.50,32543.40,31332.50,19.51M,-0.01
5/9/22,30235.10,31408.20,31710.90,30235.10,34.17M,-0.04
5/10/22,31105.50,29894.60,31105.50,29289.10,25.27M,0.03
5/11/22,30764.90,31029.80,31256.80,30689.20,12.43M,-0.01
5/12/22,28948.50,30727.10,30764.90,28948.50,32.83M,-0.06
5/13/22,27170.00,28872.80,29175.60,27056.50,55.90M,-0.06
5/16/22,27472.70,28040.30,28380.90,27472.70,38.21M,0.01
5/17/22,28910.70,27397.00,28910.70,27245.70,30.44M,0.05
5/18/22,28910.70,29062.00,29289.10,28645.80,20.90M,0.00
5/19/22,28683.60,28229.50,28835.00,27889.00,20.85M,-0.01
5/20/22,28494.40,28532.30,28607.90,28191.70,18.11M,-0.01
5/23/22,27813.30,28721.50,28910.70,27472.70,13.23M,-0.02
5/24/22,26413.20,27813.30,28002.50,25883.40,54.86M,-0.05
5/25/22,26072.60,26110.40,26451.00,25013.00,51.24M,-0.01
5/26/22,26488.80,26488.80,26942.90,26148.30,21.09M,0.02
5/27/22,26829.40,26488.80,27170.00,26337.50,22.87M,0.01
5/30/22,26829.40,26867.30,27132.10,26715.90,19.57M,0.00
5/31/22,26261.80,26753.70,26753.70,26110.40,24.49M,-0.02
6/1/22,25996.90,26110.40,26337.50,25580.70,28.14M,-0.01
6/2/22,25088.70,25732.00,25959.10,25013.00,32.99M,-0.03
6/3/22,25277.90,25202.20,25732.00,25164.40,19.12M,0.01
6/6/22,25202.20,25845.50,25921.20,25050.90,23.10M,0.00
6/7/22,25126.60,25202.20,25391.40,24710.30,25.19M,0.00
6/8/22,24899.50,25202.20,25315.80,24786.00,32.29M,-0.01
6/9/22,25580.70,24899.50,26148.30,24786.00,35.07M,0.03
6/10/22,25429.30,25580.70,25921.20,25429.30,19.74M,-0.01
6/13/22,24067.00,24975.20,25353.60,23991.30,27.61M,-0.05
6/14/22,22931.80,23840.00,23877.80,22856.10,36.97M,-0.05
6/15/22,22250.60,22780.40,23385.90,21834.40,37.31M,-0.03
6/16/22,23461.50,22818.20,23726.40,22629.00,43.40M,0.05
6/17/22,23200.00,23450.00,23500.00,21950.00,30.24M,-0.01
6/20/22,21600.00,22750.00,23000.00,21600.00,37.27M,-0.07
6/21/22,20800.00,21350.00,21500.00,20500.00,39.94M,-0.04
6/22/22,21500.00,20850.00,22000.00,20850.00,21.44M,0.03
6/23/22,21800.00,21500.00,21850.00,21500.00,6.93M,0.01
6/24/22,21800.00,21850.00,22500.00,21700.00,12.83M,0.00
6/27/22,22900.00,22000.00,22900.00,21350.00,20.74M,0.05
6/28/22,22500.00,22850.00,22850.00,22250.00,17.84M,-0.02
6/29/22,22750.00,22300.00,23150.00,22100.00,20.19M,0.01
6/30/22,22300.00,22900.00,23400.00,22300.00,19.95M,-0.02
7/1/22,22400.00,22300.00,22600.00,21550.00,15.20M,0.00
7/4/22,22000.00,22650.00,22650.00,22000.00,12.44M,-0.02
7/5/22,21900.00,22100.00,22350.00,21750.00,15.09M,0.00
7/6/22,21450.00,21700.00,22250.00,21300.00,18.23M,-0.02
7/7/22,21750.00,21450.00,21750.00,21400.00,10.83M,0.01
7/8/22,22450.00,22000.00,22550.00,22000.00,19.50M,0.03
7/11/22,22050.00,22400.00,22650.00,21950.00,12.48M,-0.02
7/12/22,22300.00,22050.00,22500.00,21950.00,12.15M,0.01
7/13/22,22300.00,22200.00,22800.00,22150.00,17.86M,0.00
7/14/22,22200.00,22200.00,22400.00,22100.00,12.52M,0.00
7/15/22,23200.00,22350.00,23500.00,22350.00,47.70M,0.05
7/18/22,22600.00,23200.00,23300.00,22500.00,19.93M,-0.03
7/19/22,22150.00,22500.00,22600.00,22100.00,16.28M,-0.02
7/20/22,22350.00,22350.00,22750.00,22300.00,16.89M,0.01
7/21/22,22700.00,22350.00,23000.00,22300.00,23.04M,0.02
7/22/22,22200.00,22700.00,22800.00,22200.00,16.64M,-0.02
7/25/22,21900.00,22200.00,22300.00,21800.00,20.72M,-0.01
7/26/22,21650.00,21800.00,22000.00,21600.00,26.38M,-0.01
7/27/22,21250.00,21450.00,21500.00,21050.00,28.60M,-0.02
7/28/22,21400.00,21500.00,21700.00,21250.00,23.51M,0.01
7/29/22,21500.00,21600.00,21950.00,21500.00,20.59M,0.00
8/1/22,22800.00,21700.00,22850.00,21600.00,38.14M,0.06
8/2/22,22900.00,22900.00,23150.00,22700.00,27.73M,0.00
8/3/22,23750.00,22700.00,23850.00,22600.00,58.85M,0.04
8/4/22,23650.00,23900.00,23950.00,23500.00,30.03M,0.00
8/5/22,23300.00,23400.00,23650.00,23150.00,42.52M,-0.01
8/8/22,23600.00,23400.00,23900.00,23300.00,30.37M,0.01
8/9/22,24100.00,23900.00,24300.00,23650.00,48.22M,0.02
8/10/22,23800.00,24000.00,24400.00,23800.00,30.12M,-0.01
8/11/22,23400.00,24050.00,24150.00,23300.00,34.35M,-0.02
8/12/22,23950.00,23300.00,24050.00,23250.00,33.80M,0.02
8/15/22,24000.00,24100.00,24200.00,23800.00,31.51M,0.00
8/16/22,24550.00,24000.00,24700.00,24000.00,65.49M,0.02
8/17/22,24300.00,24600.00,24650.00,24150.00,27.44M,-0.01
8/18/22,24150.00,24100.00,24350.00,24050.00,23.22M,-0.01
8/19/22,23750.00,24100.00,24250.00,23650.00,31.46M,-0.02
8/22/22,23350.00,23650.00,23750.00,23150.00,23.80M,-0.02
8/23/22,23650.00,23100.00,23650.00,23100.00,16.69M,0.01
8/24/22,23500.00,23650.00,23750.00,23500.00,12.13M,-0.01
8/25/22,23850.00,23750.00,24050.00,23600.00,18.26M,0.01
8/26/22,23500.00,24000.00,24000.00,23500.00,16.47M,-0.01
8/29/22,23000.00,23050.00,23250.00,22650.00,32.47M,-0.02
8/30/22,23050.00,23100.00,23300.00,22950.00,15.31M,0.00
8/31/22,23000.00,23000.00,23150.00,22750.00,14.98M,0.00
9/5/22,23900.00,23050.00,24100.00,23050.00,26.28M,0.04
9/6/22,23550.00,24000.00,24200.00,23550.00,15.33M,-0.01
9/7/22,23000.00,23550.00,23800.00,23000.00,25.03M,-0.02
9/8/22,23100.00,23200.00,23450.00,22900.00,20.37M,0.00
9/9/22,23800.00,23350.00,23800.00,23100.00,26.05M,0.03
9/12/22,23800.00,23900.00,24300.00,23800.00,26.17M,0.00
9/13/22,23700.00,23750.00,24000.00,23500.00,14.68M,0.00
9/14/22,23700.00,23250.00,23800.00,23250.00,27.03M,0.00
9/15/22,23600.00,23900.00,23900.00,23450.00,13.73M,0.00
9/16/22,23000.00,23400.00,23600.00,23000.00,27.51M,-0.03
9/19/22,22650.00,23100.00,23250.00,22450.00,27.48M,-0.02
9/20/22,23000.00,22800.00,23000.00,22600.00,11.51M,0.02
9/21/22,22900.00,22900.00,22950.00,22700.00,9.92M,0.00
9/22/22,23000.00,22700.00,23100.00,22650.00,11.59M,0.00
9/23/22,22700.00,23050.00,23200.00,22700.00,14.59M,-0.01
9/26/22,22400.00,22450.00,22600.00,21850.00,25.88M,-0.01
9/27/22,22400.00,22450.00,22500.00,22100.00,9.01M,0.00
9/28/22,21800.00,22200.00,22450.00,21600.00,14.07M,-0.03
9/29/22,21650.00,22150.00,22300.00,21650.00,10.33M,-0.01
9/30/22,21200.00,21500.00,21650.00,20700.00,23.37M,-0.02
10/3/22,19750.00,21200.00,21200.00,19750.00,33.57M,-0.07
10/4/22,18850.00,20100.00,20250.00,18650.00,30.51M,-0.05
10/5/22,19200.00,19200.00,19350.00,18850.00,25.32M,0.02
10/6/22,18000.00,19300.00,19300.00,18000.00,37.46M,-0.06
10/7/22,17600.00,17650.00,17800.00,17050.00,36.47M,-0.02
10/10/22,18350.00,17300.00,18600.00,17200.00,25.06M,0.04
10/11/22,17500.00,18400.00,18400.00,17350.00,26.45M,-0.05
10/12/22,18700.00,17800.00,18700.00,17500.00,29.00M,0.07
10/13/22,19500.00,18800.00,19600.00,18550.00,24.20M,0.04
10/14/22,19450.00,19750.00,19900.00,19300.00,22.59M,0.00
10/17/22,19250.00,19250.00,19350.00,18900.00,17.06M,-0.01
10/18/22,18850.00,19500.00,19700.00,18700.00,24.39M,-0.02
10/19/22,18400.00,18850.00,18850.00,18350.00,20.24M,-0.02
10/20/22,18100.00,18350.00,18600.00,18050.00,26.03M,-0.02
10/21/22,16900.00,18300.00,18300.00,16900.00,45.16M,-0.07
10/24/22,16400.00,17000.00,17050.00,16200.00,27.97M,-0.03
10/25/22,17100.00,16400.00,17500.00,16050.00,31.11M,0.04
10/26/22,16900.00,17000.00,17400.00,16850.00,11.24M,-0.01
10/27/22,17400.00,16950.00,17600.00,16900.00,21.37M,0.03
10/28/22,16800.00,17400.00,17650.00,16800.00,31.20M,-0.03
10/31/22,15650.00,15650.00,16000.00,15650.00,66.30M,-0.07
11/1/22,15000.00,15750.00,16000.00,14800.00,81.55M,-0.04
11/2/22,15350.00,15000.00,15700.00,15000.00,40.12M,0.02
11/3/22,15200.00,15250.00,15450.00,15100.00,20.63M,-0.01
11/4/22,14650.00,15000.00,15150.00,14500.00,43.89M,-0.04
11/7/22,13700.00,14550.00,14800.00,13700.00,38.26M,-0.06
11/8/22,13150.00,13100.00,13700.00,13000.00,46.27M,-0.04
11/9/22,13000.00,13200.00,13600.00,12950.00,32.79M,-0.01
11/10/22,12100.00,12700.00,12800.00,12100.00,79.75M,-0.07
11/11/22,12300.00,12300.00,12650.00,12000.00,60.72M,0.02
11/14/22,12200.00,12150.00,12450.00,11850.00,60.27M,-0.01
11/15/22,12500.00,12000.00,12550.00,12000.00,40.42M,0.02
11/16/22,13350.00,12300.00,13350.00,11800.00,34.90M,0.07
11/17/22,14250.00,13900.00,14250.00,13800.00,21.51M,0.07
11/18/22,15100.00,14600.00,15200.00,14250.00,99.66M,0.06
11/21/22,14950.00,15200.00,15250.00,14750.00,31.60M,-0.01
11/22/22,14800.00,14650.00,15450.00,14450.00,43.25M,-0.01
11/23/22,13800.00,14700.00,14850.00,13800.00,30.30M,-0.07
11/24/22,14350.00,13700.00,14400.00,13600.00,31.12M,0.04
11/25/22,15300.00,14600.00,15300.00,14350.00,26.53M,0.07
11/28/22,16350.00,15600.00,16350.00,15600.00,58.84M,0.07
11/29/22,17400.00,16600.00,17450.00,16350.00,64.31M,0.06
11/30/22,18400.00,17550.00,18400.00,17200.00,57.72M,0.06
12/1/22,18200.00,18750.00,19650.00,18000.00,66.59M,-0.01
12/2/22,19450.00,18000.00,19450.00,17800.00,45.68M,0.07
12/5/22,20000.00,19800.00,20400.00,19500.00,46.51M,0.03
12/6/22,18600.00,19900.00,19950.00,18600.00,62.78M,-0.07
12/7/22,18250.00,18000.00,19150.00,17700.00,34.62M,-0.02
12/8/22,18900.00,18900.00,19350.00,18500.00,29.94M,0.04
12/9/22,19200.00,18900.00,19450.00,18500.00,34.55M,0.02
12/12/22,18600.00,19200.00,19550.00,18600.00,35.83M,-0.03
12/13/22,19000.00,18600.00,19000.00,18250.00,24.34M,0.02
12/14/22,19200.00,19350.00,19600.00,19000.00,34.29M,0.01
12/15/22,19350.00,19100.00,19650.00,19100.00,20.98M,0.01
12/16/22,20400.00,19200.00,20450.00,18950.00,55.38M,0.05
12/19/22,20000.00,20600.00,21250.00,20000.00,48.04M,-0.02
12/20/22,19000.00,19800.00,20100.00,18750.00,45.55M,-0.05
12/21/22,18900.00,19400.00,19450.00,18100.00,27.70M,-0.01
12/22/22,18900.00,19100.00,19600.00,18700.00,18.97M,0.00
12/23/22,18350.00,18850.00,18900.00,18100.00,24.81M,-0.03
12/26/22,17100.00,18300.00,18300.00,17100.00,31.37M,-0.07
12/27/22,18250.00,17100.00,18250.00,17100.00,23.66M,0.07
12/28/22,18200.00,18400.00,18500.00,17950.00,14.31M,0.00
12/29/22,18000.00,18300.00,18500.00,17850.00,17.42M,-0.01
12/30/22,18000.00,18100.00,18450.00,17900.00,14.45M,0.00
1/3/23,19250.00,18300.00,19250.00,18200.00,27.99M,0.07
1/4/23,19400.00,19450.00,19800.00,19300.00,20.23M,0.01
1/5/23,19800.00,19400.00,20000.00,19150.00,21.50M,0.02
1/6/23,19400.00,19700.00,20100.00,19200.00,19.63M,-0.02
1/9/23,19600.00,19800.00,20100.00,19500.00,16.19M,0.01
1/10/23,19800.00,19600.00,20100.00,19200.00,26.85M,0.01
1/11/23,20200.00,20000.00,20550.00,19900.00,25.71M,0.02
1/12/23,20050.00,20100.00,20250.00,19900.00,20.17M,-0.01
1/13/23,19950.00,20250.00,20350.00,19900.00,19.17M,-0.01
1/16/23,20250.00,20000.00,20650.00,19950.00,22.32M,0.02
1/17/23,21650.00,20450.00,21650.00,20450.00,41.58M,0.07
1/18/23,21700.00,22000.00,22050.00,21550.00,25.85M,0.00
1/19/23,21150.00,21600.00,21850.00,20850.00,43.94M,-0.03
1/27/23,21500.00,21000.00,21550.00,20850.00,26.52M,0.02
1/30/23,21750.00,21700.00,22200.00,21350.00,42.34M,0.01
1/31/23,22100.00,21900.00,22100.00,21700.00,28.11M,0.02
2/1/23,21100.00,22200.00,22650.00,21000.00,51.91M,-0.05
2/2/23,21300.00,21200.00,21700.00,21100.00,25.39M,0.01
2/3/23,21100.00,21450.00,21550.00,21000.00,20.96M,-0.01
2/6/23,21150.00,21100.00,21150.00,20550.00,22.28M,0.00
2/7/23,19750.00,21150.00,21200.00,19700.00,43.38M,-0.07
2/8/23,20850.00,19750.00,21100.00,19750.00,33.81M,0.06
2/9/23,20600.00,21000.00,21250.00,20600.00,16.34M,-0.01
2/10/23,20500.00,20700.00,20800.00,20150.00,15.83M,0.00
2/13/23,20200.00,20400.00,20400.00,19750.00,18.74M,-0.01
2/14/23,20600.00,20300.00,20900.00,20250.00,17.29M,0.02
2/15/23,20800.00,20600.00,21050.00,20250.00,20.08M,0.01
2/16/23,21300.00,20950.00,21400.00,20600.00,23.91M,0.02
2/17/23,21000.00,21300.00,21350.00,21000.00,12.29M,-0.01
2/20/23,21900.00,21000.00,21900.00,21000.00,24.74M,0.04
2/21/23,21600.00,22050.00,22300.00,21600.00,20.64M,-0.01
2/22/23,21200.00,21400.00,22100.00,21200.00,32.63M,-0.02
2/23/23,21500.00,21150.00,21500.00,20400.00,33.59M,0.01
2/24/23,20800.00,21500.00,21500.00,20650.00,14.60M,-0.03
2/27/23,20100.00,20400.00,20550.00,19950.00,31.32M,-0.03
2/28/23,20000.00,20450.00,20500.00,19900.00,15.22M,-0.01
3/1/23,20900.00,20000.00,20900.00,19800.00,18.62M,0.05
3/2/23,20600.00,21000.00,21100.00,20600.00,8.87M,-0.01
3/3/23,20350.00,20800.00,21100.00,20350.00,13.61M,-0.01
3/6/23,20400.00,20650.00,20850.00,20400.00,11.37M,0.00
3/7/23,21100.00,20600.00,21350.00,20550.00,29.32M,0.03
3/8/23,21200.00,20900.00,21200.00,20800.00,16.16M,0.00
3/9/23,21200.00,21200.00,21550.00,21200.00,23.27M,0.00
3/10/23,21300.00,21150.00,21450.00,21000.00,22.46M,0.00
3/13/23,21100.00,21050.00,21400.00,20900.00,20.93M,-0.01
3/14/23,20300.00,21050.00,21100.00,20200.00,30.87M,-0.04
3/15/23,21300.00,20800.00,21300.00,20600.00,26.78M,0.05
3/16/23,20850.00,21000.00,21100.00,20500.00,30.25M,-0.02
3/17/23,20400.00,21050.00,21050.00,20400.00,33.96M,-0.02
3/20/23,20000.00,20400.00,20600.00,20000.00,22.99M,-0.02
3/21/23,20450.00,20200.00,20550.00,19850.00,19.06M,0.02
3/22/23,20300.00,20550.00,20600.00,20150.00,12.86M,-0.01
3/23/23,20400.00,20200.00,20400.00,20050.00,10.74M,0.00
3/24/23,20400.00,20450.00,20500.00,20300.00,13.69M,0.00
3/27/23,20800.00,20400.00,20900.00,20350.00,20.27M,0.02
3/28/23,20700.00,20900.00,21000.00,20700.00,12.33M,0.00
3/29/23,20800.00,20700.00,21100.00,20700.00,17.94M,0.00
3/30/23,20800.00,21000.00,21150.00,20750.00,20.96M,0.00
3/31/23,20800.00,20800.00,20900.00,20350.00,23.77M,0.00
4/3/23,21000.00,21050.00,21100.00,20850.00,21.37M,0.01
4/4/23,21100.00,21150.00,21200.00,20950.00,19.86M,0.00
4/5/23,21500.00,21100.00,21500.00,20950.00,25.52M,0.02
4/6/23,21500.00,21550.00,21900.00,21400.00,27.84M,0.00
4/7/23,21200.00,21500.00,21600.00,21100.00,18.56M,-0.01
4/10/23,20700.00,21250.00,21350.00,20600.00,26.55M,-0.02
4/11/23,20800.00,20700.00,20850.00,20600.00,14.42M,0.00
4/12/23,20750.00,20900.00,20900.00,20650.00,10.64M,0.00
4/13/23,20450.00,20800.00,20800.00,20350.00,14.71M,-0.01
4/14/23,20650.00,20550.00,20850.00,20500.00,13.61M,0.01
4/17/23,20850.00,20600.00,20900.00,20600.00,9.28M,0.01
4/18/23,20950.00,20900.00,21000.00,20800.00,11.57M,0.00
4/19/23,20800.00,21050.00,21050.00,20800.00,10.48M,-0.01
4/20/23,20800.00,20800.00,20900.00,20750.00,6.55M,0.00
4/21/23,20700.00,20800.00,20850.00,20700.00,11.14M,0.00
4/24/23,20650.00,20700.00,20800.00,20550.00,10.58M,0.00
4/25/23,21050.00,20800.00,21250.00,20700.00,18.46M,0.02
4/26/23,22000.00,21050.00,22000.00,20900.00,26.82M,0.05
4/27/23,21700.00,22000.00,22000.00,21600.00,17.14M,-0.01
4/28/23,21650.00,21700.00,21800.00,21400.00,15.75M,0.00
5/4/23,21300.00,21450.00,21600.00,21200.00,16.54M,-0.02
5/5/23,21450.00,21300.00,21700.00,21200.00,10.79M,0.01
5/8/23,21600.00,21550.00,21750.00,21450.00,10.45M,0.01
5/9/23,21800.00,21600.00,22150.00,21600.00,22.41M,0.01
5/10/23,21700.00,21800.00,21900.00,21650.00,8.74M,0.00
5/11/23,21750.00,21800.00,21950.00,21600.00,13.64M,0.00
5/12/23,22350.00,21750.00,22500.00,21600.00,45.11M,0.03
5/15/23,22100.00,22450.00,22600.00,22100.00,17.69M,-0.01
5/16/23,22000.00,22100.00,22300.00,21900.00,17.81M,0.00
5/17/23,21800.00,22000.00,22100.00,21750.00,26.00M,-0.01
5/18/23,21950.00,21900.00,22200.00,21800.00,18.61M,0.01
5/19/23,21800.00,22000.00,22100.00,21650.00,11.51M,-0.01
5/22/23,21900.00,21800.00,22100.00,21750.00,14.87M,0.00
5/23/23,21700.00,21950.00,22050.00,21600.00,13.62M,-0.01
5/24/23,21300.00,21900.00,21900.00,21300.00,20.27M,-0.02
5/25/23,21200.00,21300.00,21450.00,21200.00,13.26M,0.00
5/26/23,21100.00,21300.00,21400.00,20850.00,16.09M,0.00
5/29/23,21450.00,21300.00,21450.00,21200.00,11.09M,0.02
5/30/23,21350.00,21500.00,21600.00,21250.00,13.46M,0.00
5/31/23,21200.00,21400.00,21450.00,21150.00,13.09M,-0.01
6/1/23,21400.00,21150.00,21400.00,21050.00,10.84M,0.01
6/2/23,21600.00,21500.00,21800.00,21450.00,18.87M,0.01
6/5/23,21650.00,21800.00,22050.00,21600.00,20.04M,0.00